Movement Activity,Location,Hour,Day_of_Week,Actual,Pred_decision_tree,Prob_decision_tree,Pred_gradient_boosting,Prob_gradient_boosting,Pred_logistic_regression,Prob_logistic_regression,Pred_naive_bayes,Prob_naive_bayes,Pred_random_forest,Prob_random_forest
0,2,11,3,0,0,0.0,0,0.004075243795079284,1,0.716595534548846,0,0.0,0,0.0
2,0,6,0,0,0,0.0,0,0.0023335555415286637,0,0.4299799229143861,0,0.0,0,0.0
1,2,17,3,0,1,0.6923076923076923,1,0.6158465369033819,1,0.531913033924761,1,0.9998196621037091,1,0.7004116071836658
1,0,17,2,0,1,0.6666666666666666,1,0.7754710853176386,1,0.6196622435575062,1,0.9998720671547525,1,0.6764372016872017
0,2,22,0,0,0,0.0,0,0.006959465067930924,1,0.7614799522181586,0,0.0,0,0.0
2,1,6,2,0,0,0.0,0,0.0018607581756416912,0,0.3658050371131068,0,0.0,0,0.0
3,0,21,2,0,0,0.0,0,0.0026490444138803533,0,0.23997292533690945,0,0.0,0,0.0
0,3,21,2,0,0,0.0,0,0.004433358868207842,1,0.7083373067293897,0,0.0,0,0.0
1,2,17,6,0,0,0.0,1,0.500193639822919,0,0.48786967476598503,1,0.9997797120898313,0,0.007142857142857143
3,1,15,1,0,0,0.0,0,0.002902264851643033,0,0.21826851145499496,0,0.0,0,0.0
1,2,19,6,0,1,0.88,1,0.5379179854214615,0,0.4904510581735065,1,0.9997789409559577,1,0.8822064684312653
3,1,2,3,0,0,0.0,0,0.0027877391550554576,0,0.18839023113858172,0,0.0,0,0.0
1,0,5,0,0,1,0.9090909090909091,1,0.8149817623037702,1,0.6326735365739257,1,0.9998775815443866,1,0.910873402226858
2,0,23,5,0,0,0.0,0,0.0003722791196183527,0,0.3803524695257632,0,0.0,0,0.0
0,0,5,6,0,0,0.0,0,0.005019042090535346,1,0.7353214969049283,0,0.0,0,0.0
3,0,10,0,0,0,0.0,0,0.002851759155772853,0,0.25122791956564,0,0.0,0,0.0
3,0,8,2,0,0,0.0,0,0.002721629137367336,0,0.2279407395994589,0,0.0,0,0.0
1,0,17,4,0,1,0.6666666666666666,1,0.8160277473622399,1,0.5915903537423047,1,0.9998559782987407,1,0.6745800865800863
3,0,19,3,0,0,0.0,0,0.002298905675333675,0,0.22759453444066044,0,0.0,0,0.0
0,0,21,6,0,0,0.0,0,0.0013378333613309219,1,0.7510902086036573,0,0.0,0,0.0
3,0,7,2,0,0,0.0,0,0.0026876992983443752,0,0.22703302482578422,0,0.0,0,0.0
3,1,12,4,0,0,0.0,0,0.00313187872554911,0,0.18730194485582816,0,0.0,0,0.0
3,0,2,2,0,0,0.0,0,0.0027209697718655283,0,0.2225328149875574,0,0.0,0,0.0
3,2,22,6,0,0,0.0,0,0.0010723977535040073,0,0.15652580294989227,0,0.0,0,0.0
1,2,13,2,0,1,0.6,1,0.8438066771008761,1,0.5413927121274508,1,0.9998289623830432,1,0.5873015873015874
1,0,8,0,1,1,0.8648648648648649,1,0.8434053263499203,1,0.6362672229815008,1,0.9998806922537407,1,0.8688950688534959
3,1,8,6,0,0,0.0,0,0.0036395900945746405,0,0.167162851649405,0,0.0,0,0.0
0,1,22,4,0,0,0.0,0,0.006489820235660326,1,0.7458158803355663,0,0.0,0,0.0
0,2,21,3,0,0,0.0,0,0.004301043314332266,1,0.7269670260346883,0,0.0,0,0.0
0,0,3,0,0,0,0.0,0,0.005250865015429727,1,0.7964374005015211,0,0.0,0,0.0
2,3,19,1,0,0,0.0,0,0.00351906574418173,0,0.326111338549239,0,0.0,0,0.0
2,2,23,6,0,0,0.0,0,0.0003206063067574959,0,0.29978090009876657,0,0.0,0,0.0
2,2,22,2,0,0,0.0,0,0.0032325009016447113,0,0.3501535536820422,0,0.0,0,0.0
0,0,3,2,0,0,0.0,0,0.004813887246009494,1,0.7767114108914183,0,0.0,0,0.0
1,0,20,4,1,1,0.5714285714285714,1,0.836619793874512,1,0.5953288879279893,1,0.9998550261975668,1,0.5810250582750582
2,0,1,2,0,0,0.0,0,0.003385454343112509,0,0.3952419750711938,0,0.0,0,0.0
3,2,23,1,0,0,0.0,0,0.0009372925947862563,0,0.20017269656336006,0,0.0,0,0.0
0,1,11,0,0,0,0.0,0,0.0042072107709857755,1,0.7781201473319339,0,0.0,0,0.0
3,1,4,2,0,0,0.0,0,0.0019404403201126557,0,0.1991862393742198,0,0.0,0,0.0
3,3,22,2,0,0,0.0,0,0.0021841182621868634,0,0.1679930989334841,0,0.0,0,0.0
0,2,14,2,0,0,0.0,0,0.003915241345828782,1,0.7314354508219486,0,0.0,0,0.0
0,2,10,2,0,0,0.0,0,0.004075243795079284,1,0.7273575334495841,0,0.0,0,0.0
0,2,10,1,0,0,0.0,0,0.0039093197942442455,1,0.7388581937530725,0,0.0,0,0.0
1,2,9,6,0,1,0.918918918918919,1,0.8118907472802372,0,0.4775519829684225,1,0.9997748258702716,1,0.9250504028509958
1,2,3,3,0,1,0.8857142857142857,1,0.842479438512317,1,0.5138746919523041,1,0.9998054012247716,1,0.8905780692102826
3,3,10,2,0,0,0.0,0,0.0026428261864873195,0,0.15950706845062965,0,0.0,0,0.0
0,1,14,2,0,0,0.0,0,0.003915241345828782,1,0.7599981521224567,0,0.0,0,0.0
0,3,9,3,0,0,0.0,0,0.004074434979536041,1,0.6827750663529044,0,0.0,0,0.0
1,1,10,0,0,1,0.8235294117647058,1,0.8329178758183334,1,0.6031907711648177,1,0.999866261139503,1,0.8178127119518643
0,0,17,1,0,0,0.0,0,0.003926896141967432,1,0.7986217209770751,0,0.0,0,0.0
2,3,16,3,0,0,0.0,0,0.002735268367824023,0,0.2975707186199346,0,0.0,0,0.0
2,3,14,1,0,0,0.0,0,0.003015875460930723,0,0.3204614266619293,0,0.0,0,0.0
3,0,23,3,0,0,0.0,0,0.003348320635994962,0,0.23124703614593986,0,0.0,0,0.0
3,2,12,2,0,0,0.0,0,0.00266515136000269,0,0.18230352429602253,0,0.0,0,0.0
1,0,10,3,1,1,1.0,1,0.8227110680396427,1,0.5970462653328724,1,0.9998624072867606,1,1.0
0,2,4,2,0,0,0.0,0,0.002913203558350614,1,0.7211685939366024,0,0.0,0,0.0
1,2,4,4,1,1,0.8823529411764706,1,0.7917629990617359,1,0.5004731623900908,1,0.9997953329613387,1,0.882108476392589
2,2,4,3,0,0,0.0,0,0.0019404403201126557,0,0.31645237031487555,0,0.0,0,0.0
1,3,21,0,0,1,0.5555555555555556,1,0.8583737034081214,1,0.5434133468513175,1,0.999810802775655,1,0.5546247086247085
2,2,17,5,0,0,0.0,0,0.0012294792731523342,0,0.3056475442102175,0,0.0,0,0.0
2,3,7,1,0,0,0.0,0,0.002308466304094236,0,0.3126394151606697,0,0.0,0,0.005
0,1,7,1,0,0,0.0,0,0.0038606406453386257,1,0.7641014111560869,0,0.0,0,0.0
3,1,5,2,0,0,0.0,0,0.0018607581756416912,0,0.20001142726778046,0,0.0,0,0.0
3,0,16,2,0,0,0.0,0,0.0026994787633651002,0,0.23529430036361498,0,0.0,0,0.0
1,0,16,2,0,0,0.5,1,0.8422880063362839,1,0.6184441527657326,1,0.9998721183684921,0,0.4804444444444445
2,0,20,4,0,0,0.0,0,0.0028541615260859157,0,0.39060675126874606,0,0.0,0,0.0
0,2,15,4,0,0,0.0,0,0.004476539012890808,1,0.7087894021154778,0,0.0,0,0.0
0,0,17,3,0,0,0.0,0,0.003064791997993801,1,0.7790486781492764,0,0.0,0,0.0
2,0,5,0,0,0,0.0,0,0.0023335555415286637,0,0.42871440597750254,0,0.0,0,0.0
2,3,18,0,0,0,0.0,0,0.003260940625037797,0,0.338003127162867,0,0.0,0,0.0
0,1,18,0,0,0,0.0,0,0.004017223293307787,1,0.7842997135271558,0,0.0,0,0.0
3,3,18,2,0,0,0.0,0,0.00269594997754664,0,0.1651250816146991,0,0.0,0,0.0
0,3,17,0,0,0,0.0,0,0.0016767106741978496,1,0.7279472795721866,0,0.0,0,0.0
3,0,23,0,0,0,0.0,0,0.0035307950639449246,0,0.2640689111813348,0,0.0,0,0.0
3,2,10,4,0,0,0.0,0,0.003190991649452844,0,0.16400581677821513,0,0.0,0,0.0
0,2,4,6,0,0,0.0,0,0.004205539696956025,1,0.6715322367731152,0,0.0,0,0.0
1,2,12,1,0,1,0.8676470588235294,1,0.8173838880631501,1,0.5546732757614478,1,0.9998370695597112,1,0.8661824980431745
2,2,15,4,0,0,0.0,0,0.002641170455412017,0,0.31602675846775613,0,0.0,0,0.0
0,1,21,6,0,0,0.0,0,0.0011510044766763526,1,0.7218553597227726,0,0.0,0,0.0
1,0,0,6,0,1,0.8181818181818182,1,0.8168432513665035,1,0.5411974070859659,1,0.9998143856210339,1,0.8026632093396797
3,2,8,3,0,0,0.0,0,0.0027884146553678094,0,0.1707580120026281,0,0.0,0,0.0
1,3,14,6,0,0,0.5,1,0.639142333429487,0,0.4465109269462252,1,0.9997325197924815,1,0.542541514041514
1,1,13,2,0,0,0.0,1,0.8458038873921787,1,0.5785203801310254,1,0.99985421359951,0,0.009696969696969697
2,3,0,4,0,0,0.0,0,0.00029465110577958593,0,0.2688781774691532,0,0.0,0,0.0
1,1,3,5,0,1,0.8095238095238095,1,0.842953424639555,1,0.5221588670574706,1,0.9998114008915487,1,0.817109875180958
2,0,5,6,0,0,0.0,0,0.003173269823378103,0,0.34528910052740963,0,0.0,0,0.0
3,2,8,4,0,0,0.0,0,0.0032766572500240484,0,0.16259434732064665,0,0.0,0,0.0
3,1,17,0,0,0,0.0,0,0.000910701194422708,0,0.23029090679359987,0,0.0,0,0.0
1,0,6,2,1,0,0.0,1,0.7605997128307231,1,0.6061834820302832,1,0.9998661806470236,0,0.009411764705882352
2,1,11,6,0,0,0.0,0,0.0035444696457099007,0,0.31873915655048707,0,0.0,0,0.0
1,2,15,3,1,1,0.8181818181818182,1,0.813551567623819,1,0.5293401265518222,1,0.9998196445746798,1,0.8059172630214491
3,3,11,6,0,0,0.0,0,0.003070225202606219,0,0.13103055752606774,0,0.0,0,0.0
3,0,16,6,0,0,0.0,0,0.0029204176354365977,0,0.19563597339017266,0,0.0,0,0.0
1,0,23,4,0,0,0.5,0,0.47796347413108375,1,0.5990563936494774,1,0.9998528836270719,1,0.5064122869883739
0,0,14,3,0,0,0.0,0,0.003930840221813665,1,0.7763698593369577,0,0.0,0,0.0
0,2,11,1,0,0,0.0,0,0.0039093197942442455,1,0.7398535732504402,0,0.0,0,0.0
3,0,15,1,0,0,0.0,0,0.002960096580487948,0,0.24507879446303218,0,0.0,0,0.0
2,0,20,1,0,0,0.0,0,0.003336335669371156,0,0.43329852062642876,0,0.0,0,0.0
0,1,9,5,0,0,0.0,0,0.005535258351794181,1,0.7212130313817177,0,0.0,0,0.0
3,1,15,2,0,0,0.0,0,0.0023094694031143784,0,0.20840429265303778,0,0.0,0,0.0
3,2,19,5,0,0,0.0,0,0.002988016617549009,0,0.1623265251964069,0,0.0,0,0.0
0,1,3,4,0,0,0.0,0,0.005927411512971971,1,0.7267669887518715,0,0.0,0,0.0
2,1,11,2,0,0,0.0,0,0.002715478993271475,0,0.3718169634391115,0,0.0,0,0.0
0,1,14,1,0,0,0.0,0,0.004931337752462989,1,0.7705562852226159,0,0.0,0,0.0
3,2,8,2,0,0,0.0,0,0.0027884146553678094,0,0.1792438293079935,0,0.0,0,0.0
1,2,16,0,0,0,0.0,1,0.8690669265974988,1,0.5742023000371952,1,0.9998456570501074,0,0.1740424987199181
0,2,12,5,0,0,0.0,0,0.005291213712049208,1,0.693222980272567,0,0.0,0,0.0
0,1,11,4,0,0,0.0,0,0.004787724320519484,1,0.7348951855944819,0,0.0,0,0.0
2,2,13,0,0,0,0.0,0,0.0036108145714165633,0,0.366495695565827,0,0.0,0,0.0
1,3,16,0,1,1,0.9090909090909091,1,0.8586372569638742,1,0.5369986787131268,1,0.9998128690393767,1,0.9061761753864056
2,3,2,2,0,0,0.0,0,0.00045348776126829946,0,0.2947509729390295,0,0.0,0,0.0
0,1,7,3,0,0,0.0,0,0.004132456342331082,1,0.7422560018046601,0,0.0,0,0.0
1,0,9,3,1,1,0.5555555555555556,1,0.8265544770243718,1,0.5958029892041881,1,0.9998615950946128,1,0.5833177794427794
3,2,10,0,0,0,0.0,0,0.0027960380913133035,0,0.19883725011703493,0,0.0,0,0.0
2,1,18,3,0,0,0.0,0,0.002355342565024331,0,0.36654700805427376,0,0.0,0,0.0
2,1,9,3,0,0,0.0,0,0.0027884146553678094,0,0.35582168101479744,0,0.0,0,0.0
3,0,6,0,0,0,0.0,0,0.0023335555415286637,0,0.24736137233271396,0,0.0,0,0.0
0,2,5,1,0,0,0.0,0,0.003052443998875585,1,0.7338444953172253,0,0.0,0,0.0
2,1,19,6,0,0,0.0,0,0.0010790538769584355,0,0.3277783425834417,0,0.0,0,0.0
3,1,16,0,0,0,0.0,0,0.003343534569786076,0,0.22937661360127393,0,0.0,0,0.0
3,2,7,2,0,0,0.0,0,0.0027536545176926395,0,0.17848520611895827,0,0.0,0,0.0
2,2,10,2,0,0,0.0,0,0.002715478993271475,0,0.3361839078677578,0,0.0,0,0.0
3,1,2,4,0,0,0.0,0,0.0032197114053307938,0,0.17956613692845244,0,0.0,0,0.0
0,1,4,6,0,0,0.0,0,0.004205539696956025,1,0.7038866508297451,0,0.0,0,0.0
2,3,11,3,0,0,0.0,0,0.0026428261864873195,0,0.29220087202763506,0,0.0,0,0.0
0,3,13,3,0,0,0.0,0,0.004979306808518035,1,0.6872330685491219,0,0.0,0,0.0
1,1,15,6,0,0,0.0,1,0.6712394075800757,1,0.5229564640292497,1,0.9998122147792524,0,0.028835497835497832
3,0,21,0,0,0,0.0,0,0.0034934570960019487,0,0.26206623375142374,0,0.0,0,0.0
1,1,21,2,1,1,0.7692307692307693,1,0.8234534794071293,1,0.5885620156055573,1,0.9998532196016432,1,0.7639016273925724
1,3,23,1,0,0,0.0,0,0.3859608330175429,1,0.5313678981986978,1,0.9997996162097257,0,0.04820806100217865
1,3,8,1,0,0,0.5,1,0.7831963545846278,1,0.5120372995217055,1,0.9997981150630117,0,0.4841274509803921
1,0,6,2,0,0,0.0,1,0.7605997128307231,1,0.6061834820302832,1,0.9998661806470236,0,0.009411764705882352
0,2,9,5,0,0,0.0,0,0.005535258351794181,1,0.6899177765842113,0,0.0,0,0.0
2,0,15,6,0,0,0.0,0,0.0018483151487849734,0,0.35705722379159494,0,0.0,0,0.0
1,0,0,1,1,1,0.84375,1,0.8780271191739768,1,0.6127987382558893,1,0.99986367082916,1,0.8448882529181921
2,0,5,4,0,0,0.0,0,0.002382922363516019,0,0.37232846200285674,0,0.0,0,0.0
2,1,19,4,0,0,0.0,0,0.002683600062736241,0,0.3541882759881924,0,0.0,0,0.0
2,3,23,3,0,0,0.0,0,0.002135780586463609,0,0.30518311101342166,0,0.0,0,0.0
2,2,4,3,0,0,0.0,0,0.0019404403201126557,0,0.31645237031487555,0,0.0,0,0.0
2,0,17,0,0,0,0.0,0,0.0019568879891323117,0,0.44395752260479004,0,0.0,0,0.0
2,2,19,6,0,0,0.0,0,0.0010790538769584355,0,0.2954619586047148,0,0.0,0,0.0
0,1,20,2,0,0,0.0,0,0.00344131587963755,1,0.7656053535203657,0,0.0,0,0.0
1,1,16,4,1,0,0.0,1,0.8504479890928008,1,0.553451675555047,1,0.9998365655209303,0,0.07591083916083917
1,0,12,0,0,0,0.0,1,0.8409119200907851,1,0.6410351897875284,1,0.999883258775869,0,0.010833333333333332
3,1,9,3,0,0,0.0,0,0.0027884146553678094,0,0.19398090702157747,0,0.0,0,0.0
1,1,16,6,0,0,0.5,1,0.7565381694475604,1,0.5242448878074154,1,0.9998123081921422,1,0.5205784632034631
0,0,13,4,0,0,0.0,0,0.00606999399052339,1,0.7650708956839107,0,0.0,0,0.0
3,2,2,5,0,0,0.0,0,0.002597951476090624,0,0.15073768304829765,0,0.0,0,0.0
0,2,7,1,0,0,0.0,0,0.0038606406453386257,1,0.7358573175051875,0,0.0,0,0.0
1,3,11,0,1,0,0.0,1,0.7954551122453016,1,0.530571740730249,1,0.9998107108077705,0,0.08676190476190478
2,1,19,0,0,0,0.0,0,0.0026694785559813524,0,0.4096198574818563,0,0.0,0,0.0
1,0,18,3,0,0,0.0,1,0.8000852498280043,1,0.6069464015001705,1,0.9998644227826865,0,0.06558333333333333
2,3,21,5,0,0,0.0,0,0.004245556090076015,0,0.27875654440229447,0,0.0,0,0.0
1,2,23,2,1,1,0.9583333333333334,1,0.7907380341138647,1,0.5541870296006505,1,0.9998259475559955,1,0.958618357931499
2,3,3,0,0,0,0.0,0,0.0013765174314738715,0,0.32089020893654163,0,0.0,0,0.0
1,1,0,4,0,1,1.0,1,0.7378703445121491,1,0.5329480659500111,1,0.9998165158889636,1,0.8564999999999998
0,3,0,1,0,0,0.0,0,0.0008029815559435978,1,0.6979676615587104,0,0.0,0,0.0
0,3,7,6,0,0,0.0,0,0.004778124482704652,1,0.6410368584717576,0,0.0,0,0.0
3,1,6,5,0,0,0.0,0,0.0028549900705294264,0,0.1740179679332179,0,0.0,0,0.0
3,3,11,5,0,0,0.0,0,0.0034976390129206037,0,0.1378703605654866,0,0.0,0,0.0
3,1,22,2,0,0,0.0,0,0.003465436245543213,0,0.2144319847432072,0,0.0,0,0.0
0,2,6,2,0,0,0.0,0,0.0027936877250295793,1,0.7232411254725057,0,0.0,0,0.0
2,2,13,5,0,0,0.0,0,0.0036802379815610658,0,0.30128044839470847,0,0.0,0,0.0
1,1,2,4,0,1,1.0,1,0.8347074376673109,1,0.535518556696511,1,0.9998214100461612,1,1.0
0,3,1,5,0,0,0.0,0,0.0010351044031860586,1,0.6474071932702083,0,0.0,0,0.0
1,2,18,1,0,1,0.96875,1,0.8342225678556258,1,0.5623148871444488,1,0.9998379922819246,1,0.9716791871465605
2,2,9,2,0,0,0.0,0,0.0027884146553678094,0,0.3350321954441372,0,0.0,0,0.0
0,0,23,3,0,0,0.0,0,0.005911983922668983,1,0.7843370985204279,0,0.0,0,0.0
3,2,14,5,0,0,0.0,0,0.0025264784394177604,0,0.15884534095677894,0,0.0,0,0.0
1,1,8,6,1,0,0.0,1,0.8142062016037982,1,0.5139298991805855,1,0.9998067616951448,0,0.31217436735544957
3,0,3,1,0,0,0.0,0,0.0030904593579744425,0,0.23379303179154262,0,0.0,0,0.0
2,2,6,3,0,0,0.0,0,0.0018607581756416912,0,0.3186911695875521,0,0.0,0,0.0
0,1,11,0,0,0,0.0,0,0.0042072107709857755,1,0.7781201473319339,0,0.0,0,0.0
2,1,2,4,0,0,0.0,0,0.0032197114053307938,0,0.33436953446301737,0,0.0,0,0.0
1,1,21,4,0,1,0.5714285714285714,1,0.8390563028856247,1,0.5598252432571148,1,0.9998347608659123,1,0.5765480588028205
3,3,17,0,0,0,0.0,0,0.0011129152262465707,0,0.18120975483878166,0,0.0,0,0.0
0,2,6,0,0,0,0.0,0,0.0034435089150828104,1,0.7461469836686894,0,0.0,0,0.0
3,0,5,3,0,0,0.0,0,0.0018161505593234184,0,0.2151331712020571,0,0.0,0,0.0
1,0,8,5,1,1,0.875,1,0.8842887318994062,1,0.5659316475729436,1,0.9998415574791469,1,0.8784855562696947
3,1,7,5,0,0,0.0,0,0.0036441833983832006,0,0.17476164301648364,0,0.0,0,0.0
0,0,1,2,0,0,0.0,0,0.00482723306343188,1,0.7749146793010152,0,0.0,0,0.0
3,2,4,1,0,0,0.0,0,0.002027838094734254,0,0.1849213112595973,0,0.0,0,0.0
3,2,1,0,0,0,0.0,0,0.008067884190541445,0,0.19153538975949969,0,0.0,0,0.0
1,3,12,3,0,1,0.9565217391304348,1,0.7880324756720342,0,0.487814457491393,1,0.9997798221277393,1,0.9547898008458128
1,0,0,0,0,1,0.975,1,0.9263090843813649,1,0.6266513258998844,1,0.9998699000494694,1,0.9787753666335542
3,1,22,2,0,0,0.0,0,0.003465436245543213,0,0.2144319847432072,0,0.0,0,0.0
0,0,8,3,0,0,0.0,0,0.004089280956494191,1,0.770943124428135,0,0.0,0,0.0
0,2,12,2,0,0,0.0,0,0.0039998158841955895,1,0.7294013240377824,0,0.0,0,0.0
0,1,2,6,0,0,0.0,0,0.003729563247531251,1,0.7017289552605369,0,0.0,0,0.0
2,0,23,5,0,0,0.0,0,0.0003722791196183527,0,0.3803524695257632,0,0.0,0,0.0
0,0,1,1,0,0,0.0,0,0.010936915484777505,1,0.7850022420604146,0,0.0,0,0.0
2,3,18,2,0,0,0.0,0,0.00269594997754664,0,0.3122165891750756,0,0.0,0,0.0
2,3,15,5,0,0,0.0,0,0.002527259946113754,0,0.27256863849866336,0,0.0,0,0.0
1,1,0,2,0,0,0.0,1,0.7111083333383749,1,0.5620668878582643,1,0.9998370124246979,0,0.10402488622488622
0,3,18,6,0,0,0.0,0,0.0017469738857791958,1,0.6540036051456923,0,0.0,0,0.0
0,1,0,0,0,0,0.0,0,0.006406023864169792,1,0.7681559183085893,0,0.0,0,0.0
0,3,13,2,0,0,0.0,0,0.004979306808518035,1,0.6997275425585231,0,0.0,0,0.0
0,2,15,2,0,0,0.0,0,0.003915241345828782,1,0.7324488779240009,0,0.0,0,0.0
3,3,12,5,0,0,0.0,0,0.0034328650287224795,0,0.138485457066419,0,0.0,0,0.0
3,1,4,2,0,0,0.0,0,0.0019404403201126557,0,0.1991862393742198,0,0.0,0,0.0
0,2,10,4,0,0,0.0,0,0.004787724320519484,1,0.7034301288046105,0,0.0,0,0.0
3,2,21,2,0,0,0.0,0,0.0027140536370446797,0,0.18933586284262066,0,0.0,0,0.0
0,0,15,1,0,0,0.0,0,0.005035327115009605,1,0.7969552056084641,0,0.0,0,0.0
3,0,1,2,0,0,0.0,0,0.003385454343112509,0,0.2216404534775329,0,0.0,0,0.0
1,2,14,2,0,1,0.6,1,0.8094032667577234,1,0.5426748867827004,1,0.9998293542071768,1,0.599601732546779
1,2,1,3,0,1,0.896551724137931,1,0.8511914571604747,1,0.5112937306960387,1,0.9998004271702,1,0.8962934650388482
0,2,19,1,0,0,0.0,0,0.00433495285098078,1,0.7477276005958707,0,0.0,0,0.0
3,3,15,5,0,0,0.0,0,0.002527259946113754,0,0.14034457374487033,0,0.0,0,0.0
3,2,18,3,0,0,0.0,0,0.002355342565024331,0,0.17819677885647134,0,0.0,0,0.0
0,1,9,3,0,0,0.0,0,0.004184548441180507,1,0.7442273827375896,0,0.0,0,0.0
0,2,9,2,0,0,0.0,0,0.004184548441180507,1,0.7263320269232671,0,0.0,0,0.0
0,0,16,2,0,0,0.0,0,0.004580576709613953,1,0.7881402383355647,0,0.0,0,0.0
3,0,9,0,0,0,0.0,0,0.002851759155772853,0,0.2502575290866999,0,0.0,0,0.0
3,3,2,1,0,0,0.0,0,0.0010053279028462243,0,0.16186230755467823,0,0.0,0,0.0
3,1,11,5,0,0,0.0,0,0.003593706440954914,0,0.17776139795320173,0,0.0,0,0.0
1,3,4,0,0,0,0.0,1,0.7607965287424755,1,0.5215574412427497,1,0.9998002546358166,0,0.260091495106201
1,1,7,1,0,0,0.0,1,0.8205583383328825,1,0.5852824075869218,1,0.9998569765367393,0,0.02291925465838509
2,2,12,6,0,0,0.0,0,0.0034788314165432196,0,0.2879915425783821,0,0.0,0,0.0
3,1,6,1,0,0,0.0,0,0.002027838094734254,0,0.2104405134988179,0,0.0,0,0.0
2,2,13,2,0,0,0.0,0,0.0029359995918748767,0,0.3396507072276405,0,0.0,0,0.0
3,2,14,1,0,0,0.0,0,0.002902264851643033,0,0.19283359873881786,0,0.0,0,0.0
2,0,0,1,0,0,0.0,0,0.003908817414628237,0,0.40812791963337897,0,0.0,0,0.0
2,2,23,5,0,0,0.0,0,0.0006708398685129054,0,0.31226404805777275,0,0.0,0,0.0
3,0,20,5,0,0,0.0,0,0.0033672211304382575,0,0.208440753763641,0,0.0,0,0.0
0,2,7,5,0,0,0.0,0,0.0054664440013732505,1,0.6877034541431507,0,0.0,0,0.0
0,1,13,3,0,0,0.0,0,0.004975389201451945,1,0.7481403484205915,0,0.0,0,0.0
1,2,3,0,0,0,0.0,1,0.8572806322046238,1,0.5577091137808452,1,0.999833384777848,0,0.2565700835999058
1,2,5,1,0,1,0.92,1,0.7806057621995366,1,0.5457255299953188,1,0.9998291464886253,1,0.9191660413552016
2,1,1,0,0,0,0.0,0,0.007869167717268389,0,0.3873391647035277,0,0.0,0,0.0
3,2,17,2,0,0,0.0,0,0.0009651830614956424,0,0.1861850146478599,0,0.0,0,0.0
0,3,5,0,0,0,0.0,0,0.0031037038329187797,1,0.7155003945930211,0,0.0,0,0.0
0,1,22,4,0,0,0.0,0,0.006489820235660326,1,0.7458158803355663,0,0.0,0,0.0
3,2,10,3,0,0,0.0,0,0.002715478993271475,0,0.17222577446293533,0,0.0,0,0.0
1,1,16,6,1,0,0.5,1,0.7565381694475604,1,0.5242448878074154,1,0.9998123081921422,1,0.5205784632034631
0,2,19,4,0,0,0.0,0,0.004027656482241457,1,0.7130354728638867,0,0.0,0,0.0
2,0,15,4,0,0,0.0,0,0.0028090428174026927,0,0.38447695950306604,0,0.0,0,0.0
2,2,0,3,0,0,0.0,0,0.0011244180928285108,0,0.3120002638761776,0,0.0,0,0.0
0,1,23,2,0,0,0.0,0,0.005888569689934756,1,0.7683746478954628,0,0.0,0,0.0
1,1,12,4,0,0,0.0,1,0.838169020392333,1,0.5483400360711121,1,0.9998353552243919,0,0.023238095238095235
0,0,23,2,0,0,0.0,0,0.005754731811284529,1,0.7941145752457381,0,0.0,0,0.0
3,0,6,4,0,0,0.0,0,0.002382922363516019,0,0.20621764183958327,0,0.0,0,0.0
3,0,2,4,0,0,0.0,0,0.003424229486333014,0,0.20285615490608166,0,0.0,0,0.0
2,2,1,0,0,0,0.0,0,0.008067884190541445,0,0.3522274525526872,0,0.0,0,0.0
2,0,11,6,0,0,0.0,0,0.003994009844976199,0,0.3523283071993931,0,0.0,0,0.0
2,2,3,0,0,0,0.0,0,0.0034182991062604133,0,0.3545880557252834,0,0.0,0,0.0
2,0,14,5,0,0,0.0,0,0.002847277138026899,0,0.36945879300407836,0,0.0,0,0.0
3,3,17,0,0,0,0.0,0,0.0011129152262465707,0,0.18120975483878166,0,0.0,0,0.0
3,1,20,4,0,0,0.0,0,0.002683600062736241,0,0.1936733424925958,0,0.0,0,0.0
2,3,8,6,0,0,0.0,0,0.0031526589520815378,0,0.2541554342066883,0,0.0,0,0.0
1,0,6,0,0,0,0.0,1,0.8149817623037702,1,0.6338730940087679,1,0.999878736299274,0,0.026961538461538464
3,2,14,0,0,0,0.0,0,0.003123658676937347,0,0.20214902891881031,0,0.0,0,0.0
0,0,19,5,0,0,0.0,0,0.005208841071851556,1,0.7600384603760992,0,0.0,0,0.008235294117647058
0,1,4,4,0,0,0.0,0,0.0035069077163760584,1,0.7277914762073273,0,0.0,0,0.0
2,3,8,6,0,0,0.0,0,0.0031526589520815378,0,0.2541554342066883,0,0.0,0,0.0
2,2,10,2,0,0,0.0,0,0.002715478993271475,0,0.3361839078677578,0,0.0,0,0.0
3,3,11,6,0,0,0.0,0,0.003070225202606219,0,0.13103055752606774,0,0.0,0,0.0
0,2,0,3,0,0,0.0,0,0.0015617669880611804,1,0.704916132996153,0,0.0,0,0.0
2,1,4,3,0,0,0.0,0,0.0019404403201126557,0,0.34992431625483333,0,0.0,0,0.0
2,0,22,3,0,0,0.0,0,0.0034751458484048535,0,0.4071773364208245,0,0.0,0,0.0
1,3,8,2,1,0,0.0,1,0.79550639534886,0,0.49734325703921356,1,0.999787392562672,0,0.034798850574712645
1,0,1,6,0,0,0.4,1,0.7825278512753868,1,0.5424796663326213,1,0.9998169600320812,0,0.41125793650793663
2,3,2,2,0,0,0.0,0,0.00045348776126829946,0,0.2947509729390295,0,0.0,0,0.0
3,2,16,2,0,0,0.0,0,0.0026614638679591214,0,0.18540365011408497,0,0.0,0,0.0
2,3,20,5,0,0,0.0,0,0.0035134757280293805,0,0.2777192605484425,0,0.0,0,0.0
2,0,5,6,0,0,0.0,0,0.003173269823378103,0,0.34528910052740963,0,0.0,0,0.0
3,3,2,2,0,0,0.0,0,0.00045348776126829946,0,0.15404492786654267,0,0.0,0,0.0
3,2,13,6,0,0,0.0,0,0.0042491498802232856,0,0.15048588133524163,0,0.0,0,0.0
0,2,12,5,0,0,0.0,0,0.005291213712049208,1,0.693222980272567,0,0.0,0,0.0
1,3,4,2,0,1,0.90625,1,0.6734403665717544,0,0.49217866416442274,1,0.9997795747779076,1,0.8956894960915242
2,1,15,2,0,0,0.0,0,0.0023094694031143784,0,0.3766553352819795,0,0.0,0,0.0
3,3,18,6,0,0,0.0,0,0.0012399415723422073,0,0.1352025890008612,0,0.0,0,0.0
3,3,7,4,0,0,0.0,0,0.0031492995932673956,0,0.14246482469860042,0,0.0,0,0.0
3,1,17,2,0,0,0.0,0,0.0009651830614956424,0,0.21011365468308127,0,0.0,0,0.0
2,1,5,4,0,0,0.0,0,0.0022404583458090397,0,0.33782714555697313,0,0.0,0,0.0
3,1,0,4,0,0,0.0,0,0.002078713227323256,0,0.17804927319176328,0,0.0,0,0.0
2,3,6,1,0,0,0.0,0,0.001827960633759707,0,0.31153050863015636,0,0.0,0,0.0
3,0,2,3,0,0,0.0,0,0.0027209697718655283,0,0.2125282729922706,0,0.0,0,0.0
3,1,13,1,0,0,0.0,0,0.0033550090720396377,0,0.21651099119360717,0,0.0,0,0.0
2,3,1,3,0,0,0.0,0,0.0004872235717532894,0,0.2816339841267903,0,0.0,0,0.0
2,1,9,4,0,0,0.0,0,0.0032766572500240484,0,0.3424643436412144,0,0.0,0,0.0
0,1,13,6,0,0,0.0,0,0.007354919772805497,1,0.7134832314921709,0,0.0,0,0.0
1,2,3,4,0,1,0.9310344827586207,1,0.865631139774432,0,0.49918186178454127,1,0.9997930127629437,1,0.9410550129281843
3,3,12,0,0,0,0.0,0,0.002469408877597692,0,0.17740937513461497,0,0.0,0,0.0
2,3,12,3,0,0,0.0,0,0.0025938415699623507,0,0.2932702828947847,0,0.0,0,0.0
2,2,6,5,0,0,0.0,0,0.0028549900705294264,0,0.29372425078491377,0,0.0,0,0.0
1,2,21,4,1,0,0.0,1,0.8369885392310906,1,0.5224102630194333,1,0.9998061409542394,0,0.09263239556692242
3,3,6,4,0,0,0.0,0,0.0016663805161250462,0,0.14183496332459403,0,0.0,0,0.0
3,0,23,6,0,0,0.0,0,0.00017789106667900822,0,0.20138831911770244,0,0.0,0,0.0
3,2,8,4,0,0,0.0,0,0.0032766572500240484,0,0.16259434732064665,0,0.0,0,0.0
2,2,8,1,0,0,0.0,0,0.0025978043371909375,0,0.3470817418967141,0,0.0,0,0.0
1,2,10,1,0,1,1.0,1,0.8201671914643036,1,0.552120132831217,1,0.9998355839338077,1,1.0
3,3,5,4,0,0,0.0,0,0.0016663805161250462,0,0.14120742812425435,0,0.0,0,0.0
2,2,21,4,0,0,0.0,0,0.0030326123815423837,0,0.3227635039724437,0,0.0,0,0.0
2,0,3,2,0,0,0.0,0,0.0032043367521171645,0,0.3977138626454341,0,0.0,0,0.0
3,0,11,3,0,0,0.0,0,0.002650435719549493,0,0.22041225206958942,0,0.0,0,0.0
3,3,23,6,0,0,0.0,0,0.0002312108221785071,0,0.13825079045285057,0,0.0,0,0.0
1,3,3,1,0,0,0.0,1,0.6527328423975844,1,0.5055828864654943,1,0.9997883186673207,0,0.07023039215686273
2,1,12,6,0,0,0.0,0,0.0034788314165432196,0,0.3198618012186407,0,0.0,0,0.0
0,1,13,5,0,0,0.0,0,0.006233354925285871,1,0.7253481492269661,0,0.0,0,0.0
3,2,7,3,0,0,0.0,0,0.0027536545176926395,0,0.17002786364230857,0,0.0,0,0.0
1,2,20,6,0,0,0.5,1,0.5379179854214615,0,0.4917419494748129,1,0.9997782559184892,1,0.5135204163825361
1,1,18,0,0,1,0.972972972972973,1,0.8255841215252838,1,0.6130377873348438,1,0.9998682201905738,1,0.9739012144301142
0,1,10,5,0,0,0.0,0,0.005390862793145601,1,0.7222503848497395,0,0.0,0,0.0
0,1,2,3,0,0,0.0,0,0.003968242118841472,1,0.7372843427711547,0,0.0,0,0.0
3,1,5,5,0,0,0.0,0,0.0028549900705294264,0,0.17327679298189927,0,0.0,0,0.0
3,0,17,3,0,0,0.0,0,0.0020389803404402282,0,0.22578360914385928,0,0.0,0,0.0
2,0,7,1,0,0,0.0,0,0.0026165513364910143,0,0.41689000336084986,0,0.0,0,0.0
2,3,20,3,0,0,0.0,0,0.002769851568416723,0,0.30190727603748796,0,0.0,0,0.0
3,1,1,3,0,0,0.0,0,0.003606859877991672,0,0.18760174534605875,0,0.0,0,0.0
0,2,11,2,0,0,0.0,0,0.004075243795079284,1,0.7283806342024156,0,0.0,0,0.0
3,1,0,3,0,0,0.0,0,0.0018182131250912626,0,0.18681580005195228,0,0.0,0,0.0
3,1,9,0,0,0,0.0,0,0.0027960380913133035,0,0.2230481056485263,0,0.0,0,0.0
1,3,12,5,0,1,0.8235294117647058,1,0.8336418393275464,0,0.458514847137485,1,0.9997496526010226,1,0.8322760051426863
3,3,8,1,0,0,0.0,0,0.0023376198816864426,0,0.16611085019314792,0,0.0,0,0.0
2,2,23,5,0,0,0.0,0,0.0006708398685129054,0,0.31226404805777275,0,0.0,0,0.0
0,1,2,6,0,0,0.0,0,0.003729563247531251,1,0.7017289552605369,0,0.0,0,0.0
3,1,10,1,0,0,0.0,0,0.0025978043371909375,0,0.21389395643072262,0,0.0,0,0.0
0,2,14,2,0,0,0.0,0,0.003915241345828782,1,0.7314354508219486,0,0.0,0,0.0
0,2,13,5,0,0,0.0,0,0.006233354925285871,1,0.6943203405212887,0,0.0,0,0.0
0,0,6,5,0,0,0.0,0,0.004977137345389952,1,0.7475791972335903,0,0.0,0,0.0
0,1,18,2,0,0,0.0,0,0.00344131587963755,1,0.7637464379192551,0,0.0,0,0.0
2,1,20,1,0,0,0.0,0,0.003271177433108228,0,0.3967183811973163,0,0.0,0,0.0
1,1,12,4,0,0,0.0,1,0.838169020392333,1,0.5483400360711121,1,0.9998353552243919,0,0.023238095238095235
1,1,14,5,0,1,0.8666666666666667,1,0.8276202804881496,1,0.5363136565132085,1,0.9998249610804476,1,0.8745811362737257
2,1,16,3,0,0,0.0,0,0.0027344227148415655,0,0.36415171016427755,0,0.0,0,0.0
1,0,20,2,0,1,0.6666666666666666,1,0.7957125706377859,1,0.6233074334277127,1,0.9998712214003695,1,0.6920810994560993
3,2,3,5,0,0,0.0,0,0.003189023879890904,0,0.15140010473392831,0,0.0,0,0.0
2,0,2,1,0,0,0.0,0,0.003104877981441576,0,0.4106256773118546,0,0.0,0,0.0
2,1,12,4,0,0,0.0,0,0.00313187872554911,0,0.3459621544019653,0,0.0,0,0.0
1,0,10,3,0,1,1.0,1,0.8227110680396427,1,0.5970462653328724,1,0.9998624072867606,1,1.0
3,0,15,2,0,0,0.0,0,0.002254129206973528,0,0.23436619128361,0,0.0,0,0.0
3,1,20,0,0,0,0.0,0,0.0030311797278433413,0,0.23304908567477128,0,0.0,0,0.0
0,3,13,6,0,0,0.0,0,0.006553806912141999,1,0.6481366078322257,0,0.0,0,0.0
1,0,3,6,1,1,0.9285714285714286,1,0.840493461258607,1,0.5450424803932771,1,0.9998215221033322,1,0.9261298832831315
2,0,9,2,0,0,0.0,0,0.002721629137367336,0,0.4051604365794112,0,0.0,0,0.0
2,0,23,2,0,0,0.0,0,0.0032590355224815966,0,0.42270088768744835,0,0.0,0,0.0
0,0,0,2,0,0,0.0,0,0.0034166725794099527,1,0.7740124750580142,0,0.0,0,0.0
2,2,5,5,0,0,0.0,0,0.0028549900705294264,0,0.2926538700149571,0,0.0,0,0.0
0,1,13,4,0,0,0.0,0,0.005536481760420526,1,0.7369029106189211,0,0.0,0,0.0
1,0,19,6,0,0,0.0,1,0.5924650282394661,1,0.5654480635830862,1,0.9998340227629355,0,0.01
0,1,5,2,0,0,0.0,0,0.0027936877250295793,1,0.7514167314643528,0,0.0,0,0.0
2,0,22,2,0,0,0.0,0,0.0033824903369948484,0,0.4214409549541226,0,0.0,0,0.0
2,3,19,2,0,0,0.0,0,0.00269594997754664,0,0.3133268264088484,0,0.0,0,0.0
3,0,19,6,0,0,0.0,0,0.0012162904616854603,0,0.19808590877275714,0,0.0,0,0.0
0,2,20,4,0,0,0.0,0,0.004027656482241457,1,0.7140911920227642,0,0.0,0,0.0
2,1,8,6,0,0,0.0,0,0.0036395900945746405,0,0.31538385960861154,0,0.0,0,0.0
0,2,14,5,0,0,0.0,0,0.004282488900459022,1,0.6954155001326976,0,0.0,0,0.0
0,3,3,6,0,0,0.0,0,0.0023073800968477715,1,0.6362689012537718,0,0.0,0,0.0
2,1,17,2,0,0,0.0,0,0.0009651830614956424,0,0.37908384513147414,0,0.0,0,0.0
3,0,12,1,0,0,0.0,0,0.0026004758101900484,0,0.24222320714661888,0,0.0,0,0.0
0,2,15,1,0,0,0.0,0,0.004931337752462989,1,0.7438104182313728,0,0.0,0,0.0
3,2,19,1,0,0,0.0,0,0.002880920842809889,0,0.19688530583679312,0,0.0,0,0.0
2,2,13,3,0,0,0.0,0,0.0029359995918748767,0,0.32659265037683993,0,0.0,0,0.0
0,1,7,6,0,0,0.0,0,0.005512445614909351,1,0.7071061700443316,0,0.0,0,0.0
2,2,23,1,0,0,0.0,0,0.0009372925947862563,0,0.3648410428325907,0,0.0,0,0.0
2,2,21,3,0,0,0.0,0,0.0027884500993057043,0,0.335744793009629,0,0.0,0,0.0
1,3,8,6,0,1,0.7,1,0.7669081204045797,0,0.43886507294142224,1,0.9997251368963348,1,0.6943114573335163
1,2,10,6,0,1,1.0,1,0.8077979608996697,0,0.4788408282029309,1,0.9997761471303939,1,1.0
0,1,18,2,0,0,0.0,0,0.00344131587963755,1,0.7637464379192551,0,0.0,0,0.0
0,2,0,0,0,0,0.0,0,0.005514645116335867,1,0.7402322355801162,0,0.0,0,0.0
0,1,6,4,0,0,0.0,0,0.0033631169871555593,1,0.7298332221179386,0,0.0,0,0.0
0,0,7,6,0,0,0.0,0,0.006402677492101189,1,0.7373271473283214,0,0.0,0,0.0
0,3,21,3,0,0,0.0,0,0.004554668939982876,1,0.6960454660768659,0,0.0,0,0.0
2,3,18,1,0,0,0.0,0,0.00351906574418173,0,0.32497723991589184,0,0.0,0,0.0
1,0,7,1,0,1,0.85,1,0.8316647864865546,1,0.6213420364236789,1,0.9998740156499254,1,0.8580938144817455
3,2,21,2,0,0,0.0,0,0.0027140536370446797,0,0.18933586284262066,0,0.0,0,0.0
0,3,15,0,0,0,0.0,0,0.005516542409771917,1,0.7258966338243881,0,0.0,0,0.0
1,1,22,3,1,1,0.9529411764705882,1,0.8800873207337943,1,0.5755186658152259,1,0.9998438894815684,1,0.9559366735496688
2,0,16,0,0,0,0.0,0,0.0035436110279907446,0,0.44268281562083545,0,0.0,0,0.0
3,0,20,6,0,0,0.0,0,0.0012162904616854603,0,0.19890767045679889,0,0.0,0,0.0
2,1,18,6,0,0,0.0,0,0.001054141977776677,0,0.32664125669412053,0,0.0,0,0.0
2,3,11,3,0,0,0.0,0,0.0026428261864873195,0,0.29220087202763506,0,0.0,0,0.0
1,2,3,5,0,1,0.8095238095238095,1,0.8409262377627353,0,0.4844904444372651,1,0.9997787358579151,1,0.8014280754236354
3,2,3,4,0,0,0.0,0,0.0039516829340067155,0,0.1591085104283172,0,0.0,0,0.0
2,0,13,6,0,0,0.0,0,0.004787634292008705,0,0.3546892161908582,0,0.0,0,0.0
0,1,21,6,0,0,0.0,0,0.0011510044766763526,1,0.7218553597227726,0,0.0,0,0.0
0,2,13,5,0,0,0.0,0,0.006233354925285871,1,0.6943203405212887,0,0.0,0,0.0
1,3,17,3,0,0,0.0,1,0.6241614970106972,0,0.49426880250304883,1,0.9997813530361661,0,0.005625
3,1,13,4,0,0,0.0,0,0.0032678581702810868,0,0.18808946232633544,0,0.0,0,0.0
0,2,18,3,0,0,0.0,0,0.003535577064409927,1,0.7238805700443521,0,0.0,0,0.0
1,0,22,5,1,1,0.9787234042553191,1,0.9194813931205132,1,0.5836035707842475,1,0.9998436433033622,1,0.9757492514817955
0,0,4,6,0,0,0.0,0,0.004885749823536409,1,0.7343150038004977,0,0.0,0,0.0
3,1,19,2,0,0,0.0,0,0.0022924749425365038,0,0.21183328523842743,0,0.0,0,0.0
1,0,16,1,0,1,0.9777777777777777,1,0.8833008041858235,1,0.6322159863619705,1,0.9998785683835775,1,0.9778969851556577
0,3,16,2,0,0,0.0,0,0.004514424190450595,1,0.7029731999545159,0,0.0,0,0.0
3,3,20,2,0,0,0.0,0,0.00269594997754664,0,0.16655415068455312,0,0.0,0,0.0
1,3,12,5,0,1,0.8235294117647058,1,0.8336418393275464,0,0.458514847137485,1,0.9997496526010226,1,0.8322760051426863
3,2,13,1,0,0,0.0,0,0.0033550090720396377,0,0.1920309159307503,0,0.0,0,0.0
1,2,13,0,0,1,0.9354838709677419,1,0.8776046787297362,1,0.5704094289985725,1,0.9998450095119213,1,0.9329435715210873
1,1,11,4,0,1,0.6666666666666666,1,0.8406972724372201,1,0.5470604877951937,1,0.9998346805420176,1,0.6737207792207791
0,1,21,6,0,0,0.0,0,0.0011510044766763526,1,0.7218553597227726,0,0.0,0,0.0
0,1,8,0,0,0,0.0,0,0.0042072107709857755,1,0.7754333160589384,0,0.0,0,0.0
2,3,20,6,0,0,0.0,0,0.001269238781890941,0,0.26608279062023377,0,0.0,0,0.0
1,0,1,2,0,1,1.0,1,0.8491625437544678,1,0.6000015522767552,1,0.9998584209796497,1,1.0
2,3,11,6,0,0,0.0,0,0.003070225202606219,0,0.2571039639322842,0,0.0,0,0.0
2,0,19,2,0,0,0.0,0,0.0022375410594447946,0,0.4176673512874906,0,0.0,0,0.0
3,3,1,6,0,0,0.0,0,0.0004575428257018181,0,0.1252606203962397,0,0.0,0,0.0
0,2,3,2,0,0,0.0,0,0.004925952299166779,1,0.7201287657632434,0,0.0,0,0.0
3,0,14,3,0,0,0.0,0,0.0023159476972387538,0,0.22308640673255528,0,0.0,0,0.0
0,2,13,6,0,0,0.0,0,0.007354919772805497,1,0.6817032181302702,0,0.0,0,0.0
1,2,15,4,0,0,0.0,1,0.8292999957424451,1,0.5146732643031452,1,0.99980816269276,0,0.24698111347560966
3,0,10,0,0,0,0.0,0,0.002851759155772853,0,0.25122791956564,0,0.0,0,0.0
2,0,14,4,0,0,0.0,0,0.0028090428174026927,0,0.3832553223253217,0,0.0,0,0.0
1,2,20,0,0,1,0.8888888888888888,1,0.8411549558929624,1,0.5792458362783242,1,0.9998445745098327,1,0.8874574001894291
2,3,1,6,0,0,0.0,0,0.0004575428257018181,0,0.24736272241438018,0,0.0,0,0.0
1,2,21,0,0,1,0.92,1,0.862199519482198,1,0.5805041829000079,1,0.9998439527687263,1,0.9312792167009896
1,0,3,3,0,1,0.9090909090909091,1,0.848805872295938,1,0.5883180002399514,1,0.9998538908272662,1,0.9059257446200167
1,2,4,0,0,1,0.9736842105263158,1,0.8006147034787537,1,0.5589828308558717,1,0.9998352525055968,1,0.9726074752629285
0,0,12,3,0,0,0.0,0,0.00390873760351278,1,0.7745711770598204,0,0.0,0,0.0
1,0,23,2,0,1,0.9090909090909091,1,0.7986458744786863,1,0.6269387202313045,1,0.9998693181477918,1,0.9115999517425982
3,2,12,4,0,0,0.0,0,0.00313187872554911,0,0.16542711857919978,0,0.0,0,0.0
3,1,5,5,0,0,0.0,0,0.0028549900705294264,0,0.17327679298189927,0,0.0,0,0.0
3,3,22,3,0,0,0.0,0,0.002244021051747857,0,0.15993612552381514,0,0.0,0,0.0
3,3,11,5,0,0,0.0,0,0.0034976390129206037,0,0.1378703605654866,0,0.0,0,0.0
3,3,8,6,0,0,0.0,0,0.0031526589520815378,0,0.12927626756213678,0,0.0,0,0.0
1,2,5,1,1,1,0.92,1,0.7806057621995366,1,0.5457255299953188,1,0.9998291464886253,1,0.9191660413552016
1,0,1,5,0,1,1.0,1,0.8767391296494513,1,0.5570294569085446,1,0.9998296222289008,1,0.9997435897435898
1,2,13,1,0,1,0.8666666666666667,1,0.8694613443553699,1,0.5559487745399095,1,0.999837588719621,1,0.870652772529174
2,1,4,4,0,0,0.0,0,0.002336362106307616,0,0.336672658804435,0,0.0,0,0.0
0,0,5,0,0,0,0.0,0,0.0035162346210016624,1,0.7981070891787697,0,0.0,0,0.0
1,1,13,1,0,1,0.8666666666666667,1,0.8711805941559962,1,0.5927843862161681,1,0.999861566559291,0,0.23099706356520716
0,0,4,3,0,0,0.0,0,0.002846797391449717,1,0.7672742255856193,0,0.0,0,0.0
2,2,11,0,0,0,0.0,0,0.0027960380913133035,0,0.3641005402561132,0,0.0,0,0.0
3,1,14,3,0,0,0.0,0,0.00237280196433825,0,0.19805080577023507,0,0.0,0,0.0
0,3,15,5,0,0,0.0,0,0.004285863269838749,1,0.663732998467614,0,0.0,0,0.0
0,3,1,4,0,0,0.0,0,0.0007935091459629257,1,0.66070716270251,0,0.0,0,0.0
0,0,5,6,0,0,0.0,0,0.005019042090535346,1,0.7353214969049283,0,0.0,0,0.0
0,2,10,2,0,0,0.0,0,0.004075243795079284,1,0.7273575334495841,0,0.0,0,0.0
0,1,20,0,0,0,0.0,0,0.004560702155044984,1,0.7860422141324843,0,0.0,0,0.0
1,3,0,5,0,0,0.0,0,0.3225158185141092,0,0.44317027095304035,1,0.9997210095537177,0,0.0
2,1,15,5,0,0,0.0,0,0.0025264784394177604,0,0.33623322890883534,0,0.0,0,0.0
0,2,12,0,0,0,0.0,0,0.004129350435914024,1,0.7519721819280886,0,0.0,0,0.0
1,3,1,2,0,0,0.25,0,0.3974340094185823,0,0.488306254458497,1,0.9997713780790981,0,0.2482142857142856
1,1,9,4,0,0,0.0,1,0.8442245911716063,1,0.5444995412557724,1,0.9998328732589548,0,0.0
1,3,3,6,0,0,0.0,1,0.6098773934866201,0,0.4325154679436164,1,0.9997118002815167,0,0.10531208252531783
3,0,4,5,0,0,0.0,0,0.0031317716517047524,0,0.19513339124539517,0,0.0,0,0.0
3,1,4,6,0,0,0.0,0,0.0027409032326266595,0,0.1643062093642473,0,0.0,0,0.0
0,3,15,3,0,0,0.0,0,0.00402560172691733,1,0.6894492201164185,0,0.0,0,0.0
3,2,2,5,0,0,0.0,0,0.002597951476090624,0,0.15073768304829765,0,0.0,0,0.0
0,3,15,5,0,0,0.0,0,0.004285863269838749,1,0.663732998467614,0,0.0,0,0.0
3,2,11,1,0,0,0.0,0,0.0025978043371909375,0,0.19043319770389835,0,0.0,0,0.0
2,1,21,1,0,0,0.0,0,0.0036963231863430166,0,0.397955242022895,0,0.0,0,0.0
0,1,13,6,0,0,0.0,0,0.007354919772805497,1,0.7134832314921709,0,0.0,0,0.0
3,3,11,4,0,0,0.0,0,0.00310565609131899,0,0.14500762167901826,0,0.0,0,0.0
0,3,8,2,0,0,0.0,0,0.004074434979536041,1,0.6942734336037144,0,0.0,0,0.0
1,3,14,1,0,1,1.0,1,0.8405113338954305,1,0.5197771110471124,1,0.999803538131384,1,1.0
2,0,9,0,0,0,0.0,0,0.002851759155772853,0,0.4337819043480923,0,0.0,0,0.0
2,1,0,5,0,0,0.0,0,0.002302551531895008,0,0.3191667167466661,0,0.0,0,0.0
2,2,0,6,0,0,0.0,0,0.0011197750790556394,0,0.27545069883926165,0,0.0,0,0.0
3,2,11,3,0,0,0.0,0,0.002715478993271475,0,0.17296339433905106,0,0.0,0,0.0
3,0,5,5,0,0,0.0,0,0.003217366871499815,0,0.19594589728261352,0,0.0,0,0.0
2,3,13,1,0,0,0.0,0,0.0034863540615325903,0,0.3193376655676373,0,0.0,0,0.0
0,2,8,5,0,0,0.0,0,0.005535258351794181,1,0.6888116951216813,0,0.0,0,0.0
0,3,21,1,0,0,0.0,0,0.00628437141419484,1,0.7203317928169504,0,0.0,0,0.0
1,2,19,2,0,1,0.6428571428571429,1,0.7877201500242303,1,0.5490769495028375,1,0.9998290122489125,1,0.6432225004527635
1,0,23,0,0,1,0.7333333333333333,1,0.8225566051067905,1,0.6540019642043401,1,0.9998815794576913,1,0.7293519729122973
1,0,20,1,1,1,0.9682539682539683,1,0.8624578930546563,1,0.6370067616894116,1,0.9998777166506486,1,0.9674062386462158
1,2,22,1,0,0,0.0,1,0.8930694061455697,1,0.5673931452900739,1,0.9998356797911924,0,0.09571441058941059
3,0,11,5,0,0,0.0,0,0.004049465897706009,0,0.20087464981304834,0,0.0,0,0.0
2,0,1,5,0,0,0.0,0,0.004078106879283214,0,0.35395783585869706,0,0.0,0,0.0
3,2,20,6,0,0,0.0,0,0.0010790538769584355,0,0.1551667596970802,0,0.0,0,0.0
0,3,21,2,0,0,0.0,0,0.004433358868207842,1,0.7083373067293897,0,0.0,0,0.0
2,3,2,2,0,0,0.0,0,0.00045348776126829946,0,0.2947509729390295,0,0.0,0,0.0
1,1,5,3,0,0,0.4166666666666667,1,0.7544949280838414,1,0.553938078199927,1,0.9998376825398553,0,0.4312056978968743
3,0,19,2,0,0,0.0,0,0.0022375410594447946,0,0.23809386787928746,0,0.0,0,0.0
1,1,2,3,1,1,0.8125,1,0.8137965049319248,1,0.5501061293395232,1,0.9998320991781915,1,0.8228854826822417
1,1,17,3,0,1,0.85,1,0.6194440175788258,1,0.5691974688673698,1,0.9998462861600572,1,0.8416448718094509
2,0,9,3,0,0,0.0,0,0.002721629137367336,0,0.3910753750810347,0,0.0,0,0.0
0,2,14,4,0,0,0.0,0,0.004476539012890808,1,0.7077221189059182,0,0.0,0,0.0
3,0,17,5,0,0,0.0,0,0.00291803995654948,0,0.20589563162740485,0,0.0,0,0.0
2,3,7,6,0,0,0.0,0,0.003113372352504658,0,0.25317755936972,0,0.0,0,0.0
2,3,1,3,0,0,0.0,0,0.0004872235717532894,0,0.2816339841267903,0,0.0,0,0.0
2,1,15,4,0,0,0.0,0,0.002641170455412017,0,0.34947670270880116,0,0.0,0,0.0
2,1,23,5,0,0,0.0,0,0.0006708398685129054,0,0.3455169153358287,0,0.0,0,0.0
0,3,18,4,0,0,0.0,0,0.004627784484006883,1,0.6801052780646217,0,0.0,0,0.0
2,1,16,5,0,0,0.0,0,0.0038401265304057533,0,0.33738697523657607,0,0.0,0,0.0
3,3,6,6,0,0,0.0,0,0.0018639426150395173,0,0.1281178825748067,0,0.0,0,0.0
2,2,6,5,0,0,0.0,0,0.0028549900705294264,0,0.29372425078491377,0,0.0,0,0.0
3,0,10,1,0,0,0.0,0,0.0026495853813102033,0,0.24033210115585119,0,0.0,0,0.0
1,0,18,3,0,0,0.0,1,0.8000852498280043,1,0.6069464015001705,1,0.9998644227826865,0,0.06558333333333333
2,3,12,2,0,0,0.0,0,0.0025938415699623507,0,0.30560064408008863,0,0.0,0,0.0
2,3,9,0,0,0,0.0,0,0.0025160495144977554,0,0.3276809599528374,0,0.0,0,0.0
0,2,10,5,0,0,0.0,0,0.005390862793145601,1,0.6910216901250907,0,0.0,0,0.0
2,3,7,0,0,0,0.0,0,0.002604465265786728,0,0.3254091709892831,0,0.0,0,0.0
3,2,23,3,0,0,0.0,0,0.003430431514444526,0,0.1820102937921329,0,0.0,0,0.0
3,2,12,2,0,0,0.0,0,0.00266515136000269,0,0.18230352429602253,0,0.0,0,0.0
3,3,21,6,0,0,0.0,0,0.0008649614093229062,0,0.1370246439543001,0,0.0,0,0.0
3,3,19,1,0,0,0.0,0,0.00351906574418173,0,0.1741310573650921,0,0.0,0,0.0
1,3,10,4,0,0,0.0,1,0.816633645232294,0,0.47056711489364156,1,0.9997636703739486,0,0.33699460092291944
1,1,3,1,0,1,1.0,1,0.8438526377433043,1,0.5802587967637655,1,0.9998511834667387,1,0.9767181592039802
1,1,1,2,0,0,0.5,1,0.8499323571200976,1,0.5633378811286082,1,0.9998392730597895,0,0.48375405150405143
0,3,4,4,0,0,0.0,0,0.0026084806971625215,1,0.6641721669522667,0,0.0,0,0.0
3,2,1,5,0,0,0.0,0,0.003411447601031944,0,0.15007764708654112,0,0.0,0,0.0
0,0,22,6,0,0,0.0,0,0.002224474534216181,1,0.7520546100883978,0,0.0,0,0.019375
3,1,12,3,0,0,0.0,0,0.00266515136000269,0,0.19641517721189608,0,0.0,0,0.0
2,0,21,4,0,0,0.0,0,0.0032252842707835437,0,0.39183693369720024,0,0.0,0,0.0
2,0,1,5,0,0,0.0,0,0.004078106879283214,0,0.35395783585869706,0,0.0,0,0.0
3,2,20,6,0,0,0.0,0,0.0010790538769584355,0,0.1551667596970802,0,0.0,0,0.0
0,3,3,3,0,0,0.0,0,0.0016374947456608924,1,0.6760248774914749,0,0.0,0,0.0
2,0,18,2,0,0,0.0,0,0.0022375410594447946,0,0.41641159983040077,0,0.0,0,0.0
3,2,23,3,0,0,0.0,0,0.003430431514444526,0,0.1820102937921329,0,0.0,0,0.0
0,0,2,2,0,0,0.0,0,0.0038778799931028633,1,0.775814324939224,0,0.0,0,0.0
3,0,9,1,0,0,0.0,0,0.0026495853813102033,0,0.2393903413930282,0,0.0,0,0.0
0,3,2,5,0,0,0.0,0,0.0009734718661976121,1,0.6485853609418576,0,0.0,0,0.0
2,1,20,5,0,0,0.0,0,0.002988016617549009,0,0.3420212520880283,0,0.0,0,0.0
2,1,15,4,0,0,0.0,0,0.002641170455412017,0,0.34947670270880116,0,0.0,0,0.0
0,2,0,2,0,0,0.0,0,0.0015617669880611804,1,0.7169951010962315,0,0.0,0,0.0
0,3,16,0,0,0,0.0,0,0.00590385704283599,1,0.7269231584815172,0,0.0,0,0.0
1,2,7,4,1,0,0.0,1,0.8405318741167414,1,0.5043469574368654,1,0.9998010698281122,0,0.03631652661064426
1,2,0,2,0,0,0.16666666666666666,1,0.6073998445240321,1,0.5246806697984271,1,0.9998087824151505,0,0.1790703463203463
3,0,21,0,0,0,0.0,0,0.0034934570960019487,0,0.26206623375142374,0,0.0,0,0.0
2,2,20,1,0,0,0.0,0,0.003271177433108228,0,0.36125778784008544,0,0.0,0,0.0
0,3,6,2,0,0,0.0,0,0.0020775980247056585,1,0.6920763329014197,0,0.0,0,0.0
1,1,16,5,0,1,0.8918918918918919,1,0.8796215770855249,1,0.5388816507606052,1,0.9998252921341029,1,0.8911615392435216
1,1,6,2,0,0,0.5,1,0.7544949280838414,1,0.5696800557413697,1,0.9998480820274993,0,0.49638944388944384
1,0,9,4,0,0,0.0,1,0.8628189003349347,1,0.5815700830496267,1,0.9998527834955125,0,0.31451111324603853
0,0,3,3,0,0,0.0,0,0.004813887246009494,1,0.7663506302411758,0,0.0,0,0.0
2,1,3,5,0,0,0.0,0,0.003189023879890904,0,0.3225432980318398,0,0.0,0,0.0
0,3,4,1,0,0,0.0,0,0.0027511226264237947,1,0.7023052493079407,0,0.0,0,0.0
3,1,14,1,0,0,0.0,0,0.002902264851643033,0,0.21738846855990662,0,0.0,0,0.0
2,1,5,4,0,0,0.0,0,0.0022404583458090397,0,0.33782714555697313,0,0.0,0,0.0
3,0,3,2,0,0,0.0,0,0.0032043367521171645,0,0.22342773798361498,0,0.0,0,0.0
2,0,14,3,0,0,0.0,0,0.0023159476972387538,0,0.3972424734600588,0,0.0,0,0.0
1,1,6,3,0,1,0.7142857142857143,1,0.7544949280838414,1,0.5552139941507125,1,0.999839213595533,1,0.6792817460317457
2,1,1,0,0,0,0.0,0,0.007869167717268389,0,0.3873391647035277,0,0.0,0,0.0
0,0,14,6,0,0,0.0,0,0.003031031131879263,1,0.7442694484324479,0,0.0,0,0.0
1,2,1,6,0,0,0.0,1,0.7308521657772977,0,0.4672534118697954,1,0.999756217106099,0,0.4479793694867223
0,2,7,1,0,0,0.0,0,0.0038606406453386257,1,0.7358573175051875,0,0.0,0,0.0
2,3,7,3,0,0,0.0,0,0.0026799830671715994,0,0.2879462281659599,0,0.0,0,0.0
3,3,22,6,0,0,0.0,0,0.0007240828394582986,0,0.13763656972812618,0,0.0,0,0.0
0,0,18,0,0,0,0.0,0,0.004102015772149761,1,0.8087105051589062,0,0.0,0,0.0
3,1,12,2,0,0,0.0,0,0.00266515136000269,0,0.20585949993493052,0,0.0,0,0.0
3,3,0,0,0,0,0.0,0,0.0011764612182854069,0,0.16854404537030337,0,0.0,0,0.0
3,2,7,5,0,0,0.0,0,0.0036441833983832006,0,0.1540737296726251,0,0.0,0,0.0
3,3,12,5,0,0,0.0,0,0.0034328650287224795,0,0.138485457066419,0,0.0,0,0.0
0,2,5,3,0,0,0.0,0,0.0027936877250295793,1,0.7102596137410977,0,0.0,0,0.0
1,0,19,0,0,1,0.5454545454545454,1,0.8364415053890424,1,0.6493120071812211,1,0.9998836647052574,1,0.5292654817232992
0,2,19,5,0,0,0.0,0,0.004483851803308263,1,0.7008580134913389,0,0.0,0,0.0
3,2,6,2,0,0,0.0,0,0.0018607581756416912,0,0.17772909842293477,0,0.0,0,0.0
2,0,4,2,0,0,0.0,0,0.001893926122812537,0,0.39895177466627024,0,0.0,0,0.0
1,2,8,0,0,1,0.875,1,0.830787151943618,1,0.5640697782082179,1,0.9998410958914942,1,0.8680841984486386
3,2,16,2,0,0,0.0,0,0.0026614638679591214,0,0.18540365011408497,0,0.0,0,0.0
1,3,13,2,0,0,0.2,1,0.8263404061202322,1,0.5037996662749166,1,0.9997926285583075,0,0.20118265068265065
2,1,1,3,0,0,0.0,0,0.003606859877991672,0,0.3464076635377862,0,0.0,0,0.0
0,0,3,3,0,0,0.0,0,0.004813887246009494,1,0.7663506302411758,0,0.0,0,0.0
1,1,0,5,0,1,0.9285714285714286,1,0.7604011105808305,1,0.5182913206194159,1,0.9998038597895171,1,0.9325187623282923
3,1,7,6,0,0,0.0,0,0.0035942575211146293,0,0.1664449903366187,0,0.0,0,0.0
2,3,10,3,0,0,0.0,0,0.0026428261864873195,0,0.2911337543454978,0,0.0,0,0.0
0,1,16,1,0,0,0.0,0,0.005680665223521433,1,0.7723775881026462,0,0.0,0,0.0
3,3,18,5,0,0,0.0,0,0.003432553950910165,0,0.14222452815990766,0,0.0,0,0.0
1,2,0,1,1,0,0.0,1,0.7452570094739113,1,0.5393158072579264,1,0.999818426349989,0,0.14833593690184835
3,3,12,6,0,0,0.0,0,0.003013342706693407,0,0.13161979754492595,0,0.0,0,0.0
1,2,16,3,0,1,0.8571428571428571,1,0.8341688838158555,1,0.5306267837466361,1,0.9998197342923185,1,0.8507972860472859
3,2,3,5,0,0,0.0,0,0.003189023879890904,0,0.15140010473392831,0,0.0,0,0.0
0,2,14,5,0,0,0.0,0,0.004282488900459022,1,0.6954155001326976,0,0.0,0,0.0
3,0,19,4,0,0,0.0,0,0.0028541615260859157,0,0.21742606975824105,0,0.0,0,0.0
0,1,6,5,0,0,0.0,0,0.004284258725474835,1,0.7180867543855957,0,0.0,0,0.0
3,1,13,0,0,0,0.0,0,0.0036108145714165633,0,0.22664905452508427,0,0.0,0,0.0
0,3,13,0,0,0,0.0,0,0.006374708558990528,1,0.7238363949800145,0,0.0,0,0.0
2,2,23,1,0,0,0.0,0,0.0009372925947862563,0,0.3648410428325907,0,0.0,0,0.0
2,3,8,5,0,0,0.0,0,0.003591507230620838,0,0.26545895914633705,0,0.0,0,0.0
3,0,17,3,0,0,0.0,0,0.0020389803404402282,0,0.22578360914385928,0,0.0,0,0.0
2,0,19,2,0,0,0.0,0,0.0022375410594447946,0,0.4176673512874906,0,0.0,0,0.0
2,2,4,5,0,0,0.0,0,0.0027790086891360415,0,0.2915857795115394,0,0.0,0,0.0
3,0,11,5,0,0,0.0,0,0.004049465897706009,0,0.20087464981304834,0,0.0,0,0.0
3,0,1,2,0,0,0.0,0,0.003385454343112509,0,0.2216404534775329,0,0.0,0,0.0
3,1,12,0,0,0,0.0,0,0.0027442215154208,0,0.22574497953874004,0,0.0,0,0.0
0,1,6,2,0,0,0.0,0,0.0027936877250295793,1,0.7523802849187244,0,0.0,0,0.0
3,2,22,3,0,0,0.0,0,0.0033210614901231944,0,0.18124254749872812,0,0.0,0,0.0
2,3,7,2,0,0,0.0,0,0.0026799830671715994,0,0.3001478103815201,0,0.0,0,0.0
3,1,7,0,0,0,0.0,0,0.00289426428982585,0,0.22126299270751132,0,0.0,0,0.0
0,0,11,0,0,0,0.0,0,0.00429599606339155,1,0.8030546687657719,0,0.0,0,0.0
2,1,19,0,0,0,0.0,0,0.0026694785559813524,0,0.4096198574818563,0,0.0,0,0.0
1,0,10,0,0,1,0.9,1,0.8434053263499203,1,0.6386546210750311,1,0.9998821942610282,1,0.9032121631007292
1,2,9,6,0,1,0.918918918918919,1,0.8118907472802372,0,0.4775519829684225,1,0.9997748258702716,1,0.9250504028509958
3,3,11,6,0,0,0.0,0,0.003070225202606219,0,0.13103055752606774,0,0.0,0,0.0
3,1,1,4,0,0,0.0,0,0.0041225656420050055,0,0.1788064468010468,0,0.0,0,0.0
3,1,21,1,0,0,0.0,0,0.0036963231863430166,0,0.22360261060074293,0,0.0,0,0.0
0,0,17,4,0,0,0.0,0,0.003827814655822965,1,0.7687640615204486,0,0.0,0,0.0
0,3,8,6,0,0,0.0,0,0.004838316074352108,1,0.64222454894087,0,0.0,0,0.0
2,1,15,0,0,0,0.0,0,0.003123658676937347,0,0.40463291062463475,0,0.0,0,0.0
3,3,16,1,0,0,0.0,0,0.003475160769046618,0,0.17191388146237965,0,0.0,0,0.0
2,2,16,6,0,0,0.0,0,0.0024936962762405284,0,0.2922465811928886,0,0.0,0,0.0
1,2,13,6,1,1,0.925,1,0.8506844250181477,0,0.4827089859526463,1,0.9997788764908186,1,0.9239501734620492
1,0,20,2,0,1,0.6666666666666666,1,0.7957125706377859,1,0.6233074334277127,1,0.9998712214003695,1,0.6920810994560993
0,1,10,4,0,0,0.0,0,0.004787724320519484,1,0.7338876580431486,0,0.0,0,0.0
1,0,22,1,0,1,0.9090909090909091,1,0.9076162954664562,1,0.6393920567969475,1,0.999876625592473,1,0.8941268687078532
2,1,0,5,0,0,0.0,0,0.002302551531895008,0,0.3191667167466661,0,0.0,0,0.0
2,0,10,2,0,0,0.0,0,0.002650435719549493,0,0.4064058867253519,0,0.0,0,0.0
1,1,13,3,0,1,0.92,1,0.8458038873921787,1,0.5641241201903475,1,0.9998457030517147,1,0.9225218053638617
3,0,12,4,0,0,0.0,0,0.003330836263214046,0,0.21133685593177978,0,0.0,0,0.0
1,3,6,0,0,1,0.8461538461538461,1,0.7607965287424755,1,0.5241346465579975,1,0.9998041808281766,1,0.6873583912666054
1,3,22,5,0,1,0.8,1,0.8298518776993601,0,0.4713636435873996,1,0.9997475173692371,1,0.8118298394072386
0,0,17,5,0,0,0.0,0,0.004515104115243682,1,0.7581493419311609,0,0.0,0,0.0
1,2,0,5,1,0,0.0,1,0.6138574101915861,0,0.4806212747181325,1,0.9997698889508905,0,0.04680555555555555
0,1,20,6,0,0,0.0,0,0.0015198570483328999,1,0.7208171011890271,0,0.0,0,0.01
2,3,7,0,0,0,0.0,0,0.002604465265786728,0,0.3254091709892831,0,0.0,0,0.0
2,0,13,4,0,0,0.0,0,0.0034754239006225484,0,0.38203515757601364,0,0.0,0,0.0
0,0,10,0,0,0,0.0,0,0.00429599606339155,1,0.8022364718759081,0,0.0,0,0.0
0,2,4,0,0,0,0.0,0,0.0034435089150828104,1,0.744185312501562,0,0.0,0,0.0
3,0,19,1,0,0,0.0,0,0.0029383285154506817,0,0.24892146263264364,0,0.0,0,0.0
2,1,9,4,0,0,0.0,0,0.0032766572500240484,0,0.3424643436412144,0,0.0,0,0.0
1,1,8,6,0,0,0.0,1,0.8142062016037982,1,0.5139298991805855,1,0.9998067616951448,0,0.31217436735544957
1,0,19,4,0,1,0.8571428571428571,1,0.836619793874512,1,0.5940839155118931,1,0.9998554741016927,1,0.8558989343989342
0,2,8,2,0,0,0.0,0,0.004184548441180507,1,0.7253041198559991,0,0.0,0,0.0
2,3,20,6,0,0,0.0,0,0.001269238781890941,0,0.26608279062023377,0,0.0,0,0.0
0,0,4,4,0,0,0.0,0,0.0038456003096131283,1,0.7566127680655268,0,0.0,0,0.0
0,3,22,1,0,0,0.0,0,0.005004014427641389,1,0.7213711585265516,0,0.0,0,0.0
3,3,17,1,0,0,0.0,0,0.0014826604943074548,0,0.1726504441521182,0,0.0,0,0.0
0,2,8,3,0,0,0.0,0,0.004184548441180507,1,0.7134380515032768,0,0.0,0,0.0
1,0,15,0,1,1,0.9879518072289156,1,0.8718102656867326,1,0.644593025470357,1,0.9998840592980024,1,0.9891082319749523
1,2,17,1,0,1,0.7692307692307693,1,0.6790599716727097,1,0.5610432364338205,1,0.9998382024881232,1,0.7737121394687179
1,3,19,4,0,1,0.9459459459459459,1,0.8182373384072359,0,0.4821623338814913,1,0.999766619880984,1,0.9444531932400781
3,3,7,0,0,0,0.0,0,0.002604465265786728,0,0.17367179247601938,0,0.0,0,0.0
2,3,12,0,0,0,0.0,0,0.002469408877597692,0,0.33110381098433544,0,0.0,0,0.0
3,1,6,3,0,0,0.0,0,0.0018607581756416912,0,0.1915696138145053,0,0.0,0,0.0
1,2,12,2,0,0,0.0,1,0.8126913623649509,1,0.5401099890934693,1,0.9998284156531302,0,0.07045747524930202
2,0,22,6,0,0,0.0,0,0.001296084261061156,0,0.3653997706586472,0,0.0,0,0.0
1,0,8,1,0,1,0.96,1,0.8334185046133282,1,0.6225565220909843,1,0.9998749797024378,1,0.9601662557860304
2,2,8,6,0,0,0.0,0,0.0036395900945746405,0,0.28377361651117455,0,0.0,0,0.0
0,2,4,1,0,0,0.0,0,0.003052443998875585,1,0.7328344263046362,0,0.0,0,0.0
0,0,10,6,0,0,0.0,0,0.006314233736140307,1,0.7403172179706298,0,0.0,0,0.0
0,3,8,0,0,0,0.0,0,0.0037880132519599284,1,0.7186441152601872,0,0.0,0,0.0
1,2,20,2,0,0,0.0,1,0.7877201500242303,1,0.5503554833973883,1,0.9998284823502099,0,0.005833333333333334
1,2,1,4,1,1,1.0,1,0.8673964628553219,0,0.49659931053914325,1,0.9997877221195252,1,1.0
3,3,22,6,0,0,0.0,0,0.0007240828394582986,0,0.13763656972812618,0,0.0,0,0.0
0,3,6,6,0,0,0.0,0,0.0028605493131250957,1,0.6398474363169968,0,0.0,0,0.0
0,0,5,3,0,0,0.0,0,0.0027299984497011014,1,0.7681952743558091,0,0.0,0,0.0
3,2,20,2,0,0,0.0,0,0.0022924749425365038,0,0.18854433865737152,0,0.0,0,0.0
3,0,3,1,0,0,0.0,0,0.0030904593579744425,0,0.23379303179154262,0,0.0,0,0.0
3,0,10,1,0,0,0.0,0,0.0026495853813102033,0,0.24033210115585119,0,0.0,0,0.0
1,0,14,2,1,0,0.0,1,0.8167692062756648,1,0.6160035107298726,1,0.9998718760344227,0,0.050020538720538715
2,1,14,4,0,0,0.0,0,0.002641170455412017,0,0.3483033455356117,0,0.0,0,0.0
3,2,13,5,0,0,0.0,0,0.0036802379815610658,0,0.15815641523552973,0,0.0,0,0.0
3,2,6,1,0,0,0.0,0,0.002027838094734254,0,0.18648343757953245,0,0.0,0,0.0
0,0,20,2,0,0,0.0,0,0.003362912050152594,1,0.7915695461629584,0,0.0,0,0.0
0,3,17,6,0,0,0.0,0,0.0015377002593657692,1,0.6528338795578024,0,0.0,0,0.0
1,2,9,4,1,0,0.0,1,0.8422107413155611,1,0.5069292262635303,1,0.9998039264722323,0,0.019791666666666666
2,2,3,4,0,0,0.0,0,0.0039516829340067155,0,0.30278425413465926,0,0.0,0,0.0
3,2,4,2,0,0,0.0,0,0.0019404403201126557,0,0.1762244196403634,0,0.0,0,0.0
3,3,18,5,0,0,0.0,0,0.003432553950910165,0,0.14222452815990766,0,0.0,0,0.0
0,2,3,0,0,0,0.0,0,0.005142447379597974,1,0.7432007544012914,0,0.0,0,0.0
1,0,19,0,1,1,0.5454545454545454,1,0.8364415053890424,1,0.6493120071812211,1,0.9998836647052574,1,0.5292654817232992
2,3,10,3,0,0,0.0,0,0.0026428261864873195,0,0.2911337543454978,0,0.0,0,0.0
0,2,2,6,0,0,0.0,0,0.003729563247531251,1,0.6692495641176156,0,0.0,0,0.0
2,1,3,0,0,0,0.0,0,0.0034182991062604133,0,0.3897934838700271,0,0.0,0,0.0
0,0,5,6,0,0,0.0,0,0.005019042090535346,1,0.7353214969049283,0,0.0,0,0.0
2,3,5,5,0,0,0.0,0,0.002123784522256238,0,0.2624484623585759,0,0.0,0,0.0
1,2,9,4,0,0,0.0,1,0.8422107413155611,1,0.5069292262635303,1,0.9998039264722323,0,0.019791666666666666
0,2,6,3,0,0,0.0,0,0.0027936877250295793,1,0.7113214105784991,0,0.0,0,0.0
2,1,11,5,0,0,0.0,0,0.003593706440954914,0,0.3316378492970319,0,0.0,0,0.0
0,0,13,2,0,0,0.0,0,0.004862204957921218,1,0.7855413024054292,0,0.0,0,0.0
0,3,14,2,0,0,0.0,0,0.003918327482747618,1,0.7008116774945841,0,0.0,0,0.0
3,1,19,2,0,0,0.0,0,0.0022924749425365038,0,0.21183328523842743,0,0.0,0,0.0
1,0,13,4,0,0,0.0,1,0.8763576931910674,1,0.5865891812283197,1,0.999855431951888,0,0.046849462365591406
0,0,21,3,0,0,0.0,0,0.004203134844468692,1,0.7825845522174671,0,0.0,0,0.0
0,3,15,3,0,0,0.0,0,0.00402560172691733,1,0.6894492201164185,0,0.0,0,0.0
2,2,4,2,0,0,0.0,0,0.0019404403201126557,0,0.32930325372066915,0,0.0,0,0.0
1,2,8,5,0,0,0.0,1,0.859541160025221,0,0.4909429653847281,1,0.9997889756426243,0,0.09827720253128602
3,1,3,2,0,0,0.0,0,0.00328292834397987,0,0.19836361179300036,0,0.0,0,0.0
2,3,23,6,0,0,0.0,0,0.0002312108221785071,0,0.26911976462037235,0,0.0,0,0.0
1,3,0,4,1,0,0.0,0,0.24666759657846257,0,0.4577212311027021,1,0.9997390102334701,0,0.0283015873015873
1,3,11,6,0,0,0.25,1,0.7621233776401989,0,0.44268460472710214,1,0.9997299467967078,0,0.22053968253968254
2,2,11,2,0,0,0.0,0,0.002715478993271475,0,0.3373375709663543,0,0.0,0,0.0
0,0,22,5,0,0,0.0,0,0.009340374017608165,1,0.7628531531203558,0,0.0,0,0.0
1,1,19,3,1,1,0.7692307692307693,1,0.794715600300259,1,0.5717287748310725,1,0.9998457480376094,1,0.770991218163987
2,2,1,5,0,0,0.0,0,0.003411447601031944,0,0.28839531774138877,0,0.0,0,0.0
3,3,20,1,0,0,0.0,0,0.0039954206243801695,0,0.1748751134201933,0,0.0,0,0.0
3,0,10,6,0,0,0.0,0,0.003994009844976199,0,0.19080506860962992,0,0.0,0,0.0
2,0,7,1,0,0,0.0,0,0.0026165513364910143,0,0.41689000336084986,0,0.0,0,0.0
2,1,7,2,0,0,0.0,0,0.0027536545176926395,0,0.3670041505672342,0,0.0,0,0.0
0,3,18,1,0,0,0.0,0,0.005295339141895953,1,0.7171995086790441,0,0.0,0,0.0
2,0,20,0,0,0,0.0,0,0.0030915723030065724,0,0.4477860071297885,0,0.0,0,0.0
0,3,11,0,0,0,0.0,0,0.0037880132519599284,1,0.7217666062664098,0,0.0,0,0.0
1,2,15,4,0,0,0.0,1,0.8292999957424451,1,0.5146732643031452,1,0.99980816269276,0,0.24698111347560966
1,2,21,0,0,1,0.92,1,0.862199519482198,1,0.5805041829000079,1,0.9998439527687263,1,0.9312792167009896
3,0,0,4,0,0,0.0,0,0.0029819466562406418,0,0.2011907969567428,0,0.0,0,0.0
1,3,6,3,1,0,0.0,1,0.6641349999810409,0,0.48007479274269677,1,0.9997712935014348,0,0.0
2,0,1,4,0,0,0.0,0,0.004216096248349249,0,0.3675129017475979,0,0.0,0,0.0
1,1,13,2,0,0,0.0,1,0.8458038873921787,1,0.5785203801310254,1,0.99985421359951,0,0.009696969696969697
2,0,4,0,0,0,0.0,0,0.0023335555415286637,0,0.42744982063427944,0,0.0,0,0.0
1,0,12,4,0,1,0.8,1,0.8573640339006049,1,0.5853360491665214,1,0.9998549698209427,1,0.7743865856365852
0,0,2,1,0,0,0.0,0,0.00467719121251403,1,0.7858727097398398,0,0.0,0,0.0
1,2,22,6,0,0,0.0,1,0.5851019842217349,0,0.4943240452555052,1,0.9997762776326999,0,0.008
0,2,22,0,0,0,0.0,0,0.006959465067930924,1,0.7614799522181586,0,0.0,0,0.0
0,0,20,0,0,0,0.0,0,0.004656912333832439,1,0.8103035029812172,0,0.0,0,0.0
3,1,13,0,0,0,0.0,0,0.0036108145714165633,0,0.22664905452508427,0,0.0,0,0.0
0,1,15,4,0,0,0.0,0,0.004476539012890808,1,0.7389008326918635,0,0.0,0,0.0
0,3,20,5,0,0,0.0,0,0.005272835703332666,1,0.6694725597063187,0,0.0,0,0.0
1,2,10,2,0,0,0.5,1,0.8155300449691416,1,0.5375429649974737,1,0.9998268511331825,1,0.5133695748695748
3,3,10,4,0,0,0.0,0,0.00310565609131899,0,0.14436841080971527,0,0.0,0,0.0
0,1,2,3,0,0,0.0,0,0.003968242118841472,1,0.7372843427711547,0,0.0,0,0.0
0,1,3,0,0,0,0.0,0,0.005142447379597974,1,0.7709040957814721,0,0.0,0,0.0
0,3,18,5,0,0,0.0,0,0.005151602131169083,1,0.6671826673789768,0,0.0,0,0.0
2,0,23,5,0,0,0.0,0,0.0003722791196183527,0,0.3803524695257632,0,0.0,0,0.0
2,1,19,4,0,0,0.0,0,0.002683600062736241,0,0.3541882759881924,0,0.0,0,0.0
3,1,16,3,0,0,0.0,0,0.0027344227148415655,0,0.19969667006538214,0,0.0,0,0.0
0,0,17,2,0,0,0.0,0,0.002983044728144042,1,0.7890014160322717,0,0.0,0,0.0
1,0,16,6,0,1,0.6875,1,0.798877092719655,1,0.5616367448231326,1,0.9998346679926364,1,0.684483507447668
3,2,6,4,0,0,0.0,0,0.0022404583458090397,0,0.16119268306411177,0,0.0,0,0.0
3,0,8,5,0,0,0.0,0,0.004158082025486575,0,0.19839875652178354,0,0.0,0,0.0
1,2,8,1,0,1,0.8620689655172413,1,0.8201671914643036,1,0.5495642391054871,1,0.9998334877500986,1,0.8595166600069267
2,1,12,4,0,0,0.0,0,0.00313187872554911,0,0.3459621544019653,0,0.0,0,0.0
2,0,8,6,0,0,0.0,0,0.004101144637070277,0,0.3488004578430813,0,0.0,0,0.0
0,1,15,4,0,0,0.0,0,0.004476539012890808,1,0.7389008326918635,0,0.0,0,0.0
2,2,13,1,0,0,0.0,0,0.0033550090720396377,0,0.3529572108255669,0,0.0,0,0.0
0,0,13,6,0,0,0.0,0,0.008540146630175686,1,0.7432851024438394,0,0.0,0,0.0
0,1,19,1,0,0,0.0,0,0.00433495285098078,1,0.7750903755876739,0,0.0,0,0.0
0,3,13,6,0,0,0.0,0,0.006553806912141999,1,0.6481366078322257,0,0.0,0,0.0
2,1,7,0,0,0,0.0,0,0.00289426428982585,0,0.39471879375277596,0,0.0,0,0.0
2,0,6,1,0,0,0.0,0,0.002068281777678143,0,0.4156349209361556,0,0.0,0,0.0
0,3,12,4,0,0,0.0,0,0.004575578282151969,1,0.6733254599711755,0,0.0,0,0.0
3,0,22,2,0,0,0.0,0,0.0033824903369948484,0,0.24091625104792513,0,0.0,0,0.0
2,2,9,3,0,0,0.0,0,0.0027884146553678094,0,0.32206509977127296,0,0.0,0,0.0
1,3,16,0,0,1,0.9090909090909091,1,0.8586372569638742,1,0.5369986787131268,1,0.9998128690393767,1,0.9061761753864056
3,1,9,0,0,0,0.0,0,0.0027960380913133035,0,0.2230481056485263,0,0.0,0,0.0
2,3,20,3,0,0,0.0,0,0.002769851568416723,0,0.30190727603748796,0,0.0,0,0.0
0,0,0,4,0,0,0.0,0,0.004382039122015268,1,0.7527879371731789,0,0.0,0,0.0
3,3,4,2,0,0,0.0,0,0.0014431256154348606,0,0.1553959527488229,0,0.0,0,0.0
3,3,3,4,0,0,0.0,0,0.0013132719316282563,0,0.13995931806508166,0,0.0,0,0.0
2,2,20,4,0,0,0.0,0,0.002683600062736241,0,0.32163549111112677,0,0.0,0,0.0
2,0,7,0,0,0,0.0,0,0.0029519370681446127,0,0.43124635557467383,0,0.0,0,0.0
0,1,10,5,0,0,0.0,0,0.005390862793145601,1,0.7222503848497395,0,0.0,0,0.0
1,3,6,1,0,0,0.0,1,0.7380988606500943,1,0.5094558953675422,1,0.9997948055997942,0,0.005833333333333334
2,1,5,5,0,0,0.0,0,0.0028549900705294264,0,0.3248047127320968,0,0.0,0,0.0
0,0,10,6,0,0,0.0,0,0.006314233736140307,1,0.7403172179706298,0,0.0,0,0.0
0,0,5,2,0,0,0.0,0,0.0027299984497011014,1,0.7784978997836968,0,0.0,0,0.0
2,3,21,5,0,0,0.0,0,0.004245556090076015,0,0.27875654440229447,0,0.0,0,0.0
3,3,7,0,0,0,0.0,0,0.002604465265786728,0,0.17367179247601938,0,0.0,0,0.0
0,0,8,0,0,0,0.0,0,0.00429599606339155,1,0.8005924013204668,0,0.0,0,0.0
0,1,13,3,0,0,0.0,0,0.004975389201451945,1,0.7481403484205915,0,0.0,0,0.0
0,0,20,6,0,0,0.0,0,0.001766451507685934,1,0.7501233023484613,0,0.0,0,0.0
1,0,6,4,1,1,0.8695652173913043,1,0.8111817862689797,1,0.5777945848722886,1,0.999849351614353,1,0.8677838985032135
3,1,10,0,0,0,0.0,0,0.0027960380913133035,0,0.22394450400195642,0,0.0,0,0.0
2,3,7,5,0,0,0.0,0,0.003546771416877476,0,0.2644530139545507,0,0.0,0,0.0
2,2,19,0,0,0,0.0,0,0.0026694785559813524,0,0.3737204491704569,0,0.0,0,0.0
3,0,17,2,0,0,0.0,0,0.0019845401024070858,0,0.2362249508445328,0,0.0,0,0.0
3,0,14,4,0,0,0.0,0,0.0028090428174026927,0,0.21306379714423365,0,0.0,0,0.0
3,2,22,2,0,0,0.0,0,0.0032325009016447113,0,0.19012993133436384,0,0.0,0,0.0
3,0,14,5,0,0,0.0,0,0.002847277138026899,0,0.20337360170742608,0,0.0,0,0.0
2,1,20,3,0,0,0.0,0,0.002355342565024331,0,0.36894891943503944,0,0.0,0,0.0
2,2,6,2,0,0,0.0,0,0.0018607581756416912,0,0.33158886559625833,0,0.0,0,0.0
0,1,1,6,0,0,0.0,0,0.003432008140054102,1,0.7006467243764074,0,0.0,0,0.0
0,0,8,5,0,0,0.0,0,0.006429150552560142,1,0.7495236025613432,0,0.0,0,0.0
0,2,11,1,0,0,0.0,0,0.0039093197942442455,1,0.7398535732504402,0,0.0,0,0.0
0,3,13,6,0,0,0.0,0,0.006553806912141999,1,0.6481366078322257,0,0.0,0,0.0
3,2,18,3,0,0,0.0,0,0.002355342565024331,0,0.17819677885647134,0,0.0,0,0.0
1,1,0,0,0,0,0.0,1,0.8744373992789425,1,0.5907642941480407,1,0.9998523043923687,0,0.1447772911234617
3,0,14,2,0,0,0.0,0,0.002254129206973528,0,0.2334406255386447,0,0.0,0,0.0
2,3,10,1,0,0,0.0,0,0.0023376198816864426,0,0.3159789904603641,0,0.0,0,0.0
3,3,16,3,0,0,0.0,0,0.002735268367824023,0,0.1558160014469079,0,0.0,0,0.0
1,2,5,2,0,1,0.625,1,0.7516622928964766,1,0.5311169853621688,1,0.9998200718308451,1,0.633180291930292
2,3,20,4,0,0,0.0,0,0.0031556952935699223,0,0.28966377212707495,0,0.0,0,0.0
2,3,12,5,0,0,0.0,0,0.0034328650287224795,0,0.2695070959849668,0,0.0,0,0.0
2,2,15,6,0,0,0.0,0,0.0016398829897669735,0,0.29117936525365123,0,0.0,0,0.0
3,3,21,1,0,0,0.0,0,0.0040648047374810085,0,0.1756216727152169,0,0.0,0,0.0
1,0,21,3,0,0,0.0,1,0.8320573919809802,1,0.6106368845800808,1,0.9998631583482306,0,0.0
1,0,22,2,0,1,0.8823529411764706,1,0.880731903821275,1,0.6257298580625594,1,0.999870072396651,1,0.8848854166513158
3,1,22,6,0,0,0.0,0,0.0011498547409396378,0,0.17747388766176564,0,0.0,0,0.0
2,1,13,2,0,0,0.0,0,0.0029359995918748767,0,0.3742330063220612,0,0.0,0,0.0
1,3,5,4,0,0,0.0,1,0.7042987695026794,0,0.4641382246102272,1,0.9997544179612159,0,0.12235317460317463
1,3,5,3,0,0,0.0,1,0.6641349999810409,0,0.4787856774631697,1,0.9997691158398908,0,0.04382967032967033
1,1,16,4,0,0,0.0,1,0.8504479890928008,1,0.553451675555047,1,0.9998365655209303,0,0.07591083916083917
3,2,20,3,0,0,0.0,0,0.002355342565024331,0,0.17971462448577627,0,0.0,0,0.0
3,3,4,3,0,0,0.0,0,0.0014431256154348606,0,0.14783578949148315,0,0.0,0,0.0
2,1,13,0,0,0,0.0,0,0.0036108145714165633,0,0.40214673299003134,0,0.0,0,0.0
3,1,11,4,0,0,0.0,0,0.003190991649452844,0,0.1865169671949369,0,0.0,0,0.0
3,2,1,3,0,0,0.0,0,0.0036983434768461795,0,0.16569904444269135,0,0.0,0,0.0
3,2,9,6,0,0,0.0,0,0.0036395900945746405,0,0.14786363329059138,0,0.0,0,0.0
3,1,12,4,0,0,0.0,0,0.00313187872554911,0,0.18730194485582816,0,0.0,0,0.0
1,0,13,3,0,1,0.9666666666666667,1,0.8500892906917262,1,0.6007685603450476,1,0.9998640850499861,1,0.9674245190595563
3,1,19,1,0,0,0.0,0,0.002880920842809889,0,0.22181432678505875,0,0.0,0,0.0
2,3,3,4,0,0,0.0,0,0.0013132719316282563,0,0.2719352351895628,0,0.0,0,0.0
2,2,12,6,0,0,0.0,0,0.0034788314165432196,0,0.2879915425783821,0,0.0,0,0.0
0,0,22,2,0,0,0.0,0,0.0061660666017601925,1,0.7932687985639346,0,0.0,0,0.008421052631578947
2,3,20,4,0,0,0.0,0,0.0031556952935699223,0,0.28966377212707495,0,0.0,0,0.0
1,1,22,0,0,1,1.0,1,0.9009240125569487,1,0.6179274053027194,1,0.999866339113942,1,1.0
1,3,18,6,0,0,0.0,1,0.5408773646267472,0,0.45162248766632,1,0.9997325717790754,0,0.11626119468766527
2,1,15,2,0,0,0.0,0,0.0023094694031143784,0,0.3766553352819795,0,0.0,0,0.0
0,1,19,1,0,0,0.0,0,0.00433495285098078,1,0.7750903755876739,0,0.0,0,0.0
0,2,23,3,0,0,0.0,0,0.006049456763667811,1,0.7290126533367399,0,0.0,0,0.0
1,0,4,1,1,0,0.0,1,0.7960473142503274,1,0.6176894930789516,1,0.9998703821654802,0,0.0
1,0,13,1,1,1,0.7777777777777778,1,0.8796134906771986,1,0.6286056373356119,1,0.9998780589064177,1,0.7631709262959262
3,3,11,0,0,0,0.0,0,0.0025160495144977554,0,0.17665684489335107,0,0.0,0,0.0
3,3,23,0,0,0,0.0,0,0.0023798769516254013,0,0.18585351791569063,0,0.0,0,0.0
3,3,4,3,0,0,0.0,0,0.0014431256154348606,0,0.14783578949148315,0,0.0,0,0.0
1,3,17,0,0,1,0.9090909090909091,1,0.6308176840472043,1,0.5382826612970533,1,0.9998127941020455,1,0.629689508781298
0,3,12,4,0,0,0.0,0,0.004575578282151969,1,0.6733254599711755,0,0.0,0,0.0
0,2,14,4,0,0,0.0,0,0.004476539012890808,1,0.7077221189059182,0,0.0,0,0.0
2,1,14,6,0,0,0.0,0,0.0016398829897669735,0,0.3221133545746581,0,0.0,0,0.0
0,3,22,6,0,0,0.0,0,0.001160702430350458,1,0.6586638022373156,0,0.0,0,0.0
3,1,13,2,0,0,0.0,0,0.0029359995918748767,0,0.20670519783898797,0,0.0,0,0.0
2,2,10,1,0,0,0.0,0,0.0025978043371909375,0,0.3494264616883516,0,0.0,0,0.0
2,2,10,3,0,0,0.0,0,0.002715478993271475,0,0.32319390148728255,0,0.0,0,0.0
3,0,14,1,0,0,0.0,0,0.002960096580487948,0,0.24412441174475644,0,0.0,0,0.0
3,3,14,3,0,0,0.0,0,0.0023735360479450016,0,0.15446199249727366,0,0.0,0,0.0
0,0,9,5,0,0,0.0,0,0.006429150552560142,1,0.7504920575048498,0,0.0,0,0.0
0,1,10,4,0,0,0.0,0,0.004787724320519484,1,0.7338876580431486,0,0.0,0,0.0
1,1,7,3,0,1,0.8571428571428571,1,0.8198872620114075,1,0.55648918254946,1,0.9998405871284262,1,0.8794072316572314
0,3,17,4,0,0,0.0,0,0.0019510444975318474,1,0.6789804812019242,0,0.0,0,0.0
2,3,9,1,0,0,0.0,0,0.0023376198816864426,0,0.31486366473567284,0,0.0,0,0.0
1,2,10,5,0,1,0.8888888888888888,1,0.8563016299595945,0,0.4935249395514649,1,0.9997916320620486,1,0.880745145556884
0,2,9,3,0,0,0.0,0,0.004184548441180507,1,0.7144928826381534,0,0.0,0,0.0
0,0,23,3,0,0,0.0,0,0.005911983922668983,1,0.7843370985204279,0,0.0,0,0.0
1,0,16,5,0,1,0.9811320754716981,1,0.9032919862135624,1,0.5760534189435467,1,0.9998461053904598,1,0.9750401783435294
1,0,0,4,0,1,0.6666666666666666,1,0.8238305484560566,1,0.570216671427088,1,0.999838374505877,1,0.646833333333333
0,2,20,2,0,0,0.0,0,0.00344131587963755,1,0.7374794614974076,0,0.0,0,0.0
2,0,18,3,0,0,0.0,0,0.002298905675333675,0,0.40219986795005214,0,0.0,0,0.0
1,0,2,5,0,1,0.9166666666666666,1,0.8522434673925984,1,0.5583035811317221,1,0.9998318344104143,1,0.9137195294105542
0,3,4,6,0,0,0.0,0,0.002784420393765609,1,0.63746344547568,0,0.0,0,0.0
1,3,11,3,0,1,0.7333333333333333,1,0.7911488282172019,0,0.4865240070737305,1,0.9997789199318179,1,0.7297099460230768
0,0,20,4,0,0,0.0,0,0.004416419417328798,1,0.7715071745937782,0,0.0,0,0.0
3,3,8,1,0,0,0.0,0,0.0023376198816864426,0,0.16611085019314792,0,0.0,0,0.0
1,3,18,4,0,1,0.8823529411764706,1,0.8147338792464963,0,0.48087279756050827,1,0.9997671318584941,1,0.871038013200511
0,1,2,1,0,0,0.0,0,0.004580564007217821,1,0.7594145507248174,0,0.0,0,0.0
3,1,10,6,0,0,0.0,0,0.0035444696457099007,0,0.16860599491183464,0,0.0,0,0.0
0,3,1,0,0,0,0.0,0,0.0026978734769807487,1,0.7112760276462324,0,0.0,0,0.0
1,0,0,3,0,0,0.0,1,0.7846042423981776,1,0.5845598947716057,1,0.9998480484196002,0,0.006875
2,3,22,6,0,0,0.0,0,0.0007240828394582986,0,0.2681050103677599,0,0.0,0,0.0
3,0,4,4,0,0,0.0,0,0.0024849091685482704,0,0.2045317682708646,0,0.0,0,0.0
2,1,12,1,0,0,0.0,0,0.0025496520645362534,0,0.38687217351923464,0,0.0,0,0.0
1,3,20,2,0,0,0.0,1,0.7935619685389406,1,0.5128360287629351,1,0.9997920465724562,0,0.015460526315789473
3,0,19,3,0,0,0.0,0,0.002298905675333675,0,0.22759453444066044,0,0.0,0,0.0
3,3,18,4,0,0,0.0,0,0.00308298836030022,0,0.1495480956884377,0,0.0,0,0.0
2,3,10,0,0,0,0.0,0,0.0025160495144977554,0,0.3288198977668755,0,0.0,0,0.0
3,2,12,4,0,0,0.0,0,0.00313187872554911,0,0.16542711857919978,0,0.0,0,0.0
1,2,20,4,0,1,0.9629629629629629,1,0.8129291811123034,1,0.5211214092876049,1,0.9998069133203787,1,0.9626672335621363
0,1,16,1,0,0,0.0,0,0.005680665223521433,1,0.7723775881026462,0,0.0,0,0.0
1,2,17,5,0,1,0.7857142857142857,1,0.6692044531522561,1,0.502563665419495,1,0.9997949504674373,1,0.7955425227967965
0,0,3,3,0,0,0.0,0,0.004813887246009494,1,0.7663506302411758,0,0.0,0,0.0
0,2,19,5,0,0,0.0,0,0.004483851803308263,1,0.7008580134913389,0,0.0,0,0.0
0,1,2,2,0,0,0.0,0,0.003968242118841472,1,0.7485110488228643,0,0.0,0,0.0
3,0,22,4,0,0,0.0,0,0.0037911740756660273,0,0.22007422206563101,0,0.0,0,0.0
1,3,14,0,1,1,0.6666666666666666,1,0.8501493860798129,1,0.5344292578706512,1,0.9998125144496333,1,0.6662704043032989
1,3,16,3,0,0,0.0,1,0.8158600603479079,0,0.49297771177604743,1,0.9997814405564048,0,0.0
2,1,1,4,0,0,0.0,0,0.0041225656420050055,0,0.3332209176229858,0,0.0,0,0.0
2,1,23,6,0,0,0.0,0,0.0003206063067574959,0,0.33234683556786754,0,0.0,0,0.0
0,2,20,3,0,0,0.0,0,0.003535577064409927,1,0.7259406041098544,0,0.0,0,0.0
2,0,0,3,0,0,0.0,0,0.0023938684583757128,0,0.3800629536912583,0,0.0,0,0.0
2,1,5,2,0,0,0.0,0,0.0018607581756416912,0,0.36460758482192734,0,0.0,0,0.0
0,2,18,4,0,0,0.0,0,0.003934938945103408,1,0.7119774277830209,0,0.0,0,0.0
1,0,19,6,0,0,0.0,1,0.5924650282394661,1,0.5654480635830862,1,0.9998340227629355,0,0.01
3,2,7,5,0,0,0.0,0,0.0036441833983832006,0,0.1540737296726251,0,0.0,0,0.0
3,2,10,2,0,0,0.0,0,0.002715478993271475,0,0.18076863172881427,0,0.0,0,0.0
1,3,2,5,0,0,0.0,0,0.4850118362656306,0,0.44572098539759086,1,0.9997284505040062,0,0.0
1,0,21,1,0,1,0.875,1,0.8810791535988328,1,0.6382002605922324,1,0.9998772274701735,1,0.8802969053577968
2,2,8,0,0,0,0.0,0,0.0027960380913133035,0,0.36052042996660527,0,0.0,0,0.0
2,3,14,3,0,0,0.0,0,0.0023735360479450016,0,0.29541595644687907,0,0.0,0,0.0
1,0,14,1,0,1,0.9090909090909091,1,0.8633414435980589,1,0.6298107061787342,1,0.9998783382707178,1,0.9085462612858854
3,3,16,5,0,0,0.0,0,0.00384131281839249,0,0.14096890380117624,0,0.0,0,0.0
0,1,13,5,0,0,0.0,0,0.006233354925285871,1,0.7253481492269661,0,0.0,0,0.0
3,0,14,2,0,0,0.0,0,0.002254129206973528,0,0.2334406255386447,0,0.0,0,0.0
3,2,16,6,0,0,0.0,0,0.0024936962762405284,0,0.15247758635513137,0,0.0,0,0.0
0,0,5,2,0,0,0.0,0,0.0027299984497011014,1,0.7784978997836968,0,0.0,0,0.0
2,0,3,1,0,0,0.0,0,0.0030904593579744425,0,0.41187629486489835,0,0.0,0,0.0
2,1,8,2,0,0,0.0,0,0.0027884146553678094,0,0.3682049126144451,0,0.0,0,0.0
3,1,23,6,0,0,0.0,0,0.0003206063067574959,0,0.17822914495787504,0,0.0,0,0.0
1,0,13,3,0,1,0.9666666666666667,1,0.8500892906917262,1,0.6007685603450476,1,0.9998640850499861,1,0.9674245190595563
2,2,14,3,0,0,0.0,0,0.00237280196433825,0,0.327729649414378,0,0.0,0,0.0
0,3,1,2,0,0,0.0,0,0.0006939561972912623,1,0.6865455047845634,0,0.0,0,0.0
2,0,2,2,0,0,0.0,0,0.0027209697718655283,0,0.39647725798052086,0,0.0,0,0.0
2,2,19,1,0,0,0.0,0,0.002880920842809889,0,0.36006676965496476,0,0.0,0,0.0
2,2,16,0,0,0,0.0,0,0.003343534569786076,0,0.3701008012747853,0,0.0,0,0.0
3,0,13,5,0,0,0.0,0,0.004146925830506484,0,0.2025380543700391,0,0.0,0,0.0
3,1,16,1,0,0,0.0,0,0.003344306526315839,0,0.21915111935584422,0,0.0,0,0.0
1,1,23,3,0,1,0.8275862068965517,1,0.7976595791583737,1,0.5767800149489721,1,0.9998429832609027,1,0.8190710636845983
1,2,14,0,0,1,0.9090909090909091,1,0.8611039852534612,1,0.5716746610792618,1,0.9998453645799305,1,0.9250822619073387
1,3,17,3,0,0,0.0,1,0.6241614970106972,0,0.49426880250304883,1,0.9997813530361661,0,0.005625
2,0,18,2,0,0,0.0,0,0.0022375410594447946,0,0.41641159983040077,0,0.0,0,0.0
0,1,21,6,0,0,0.0,0,0.0011510044766763526,1,0.7218553597227726,0,0.0,0,0.0
2,0,22,3,0,0,0.0,0,0.0034751458484048535,0,0.4071773364208245,0,0.0,0,0.0
2,0,8,0,0,0,0.0,0,0.002851759155772853,0,0.432513688040686,0,0.0,0,0.0
0,0,6,0,0,0,0.0,0,0.0035162346210016624,1,0.7989380885734785,0,0.0,0,0.0
2,3,17,6,0,0,0.0,0,0.0010913399964442747,0,0.26306775285769857,0,0.0,0,0.0
1,0,7,1,0,1,0.85,1,0.8316647864865546,1,0.6213420364236789,1,0.9998740156499254,1,0.8580938144817455
0,0,16,3,0,0,0.0,0,0.004705896064317639,1,0.7781583004161176,0,0.0,0,0.0
0,3,9,6,0,0,0.0,0,0.004838316074352108,1,0.6434104956946651,0,0.0,0,0.0
0,3,13,1,0,0,0.0,0,0.005924261235187135,1,0.7119321062167665,0,0.0,0,0.0
3,2,1,6,0,0,0.0,0,0.002415687713879554,0,0.14273249906966531,0,0.0,0,0.0
0,1,14,3,0,0,0.0,0,0.0040224314402968414,1,0.7491123614208945,0,0.0,0,0.0
3,1,6,2,0,0,0.0,0,0.0018607581756416912,0,0.2008391763860892,0,0.0,0,0.0
1,2,9,3,0,0,0.0,1,0.8194949741177833,1,0.5216125882178668,1,0.9998156618544576,0,0.26913785369220156
0,1,17,0,0,0,0.0,0,0.0013717099259155964,1,0.7834246135630616,0,0.0,0,0.0
3,0,21,3,0,0,0.0,0,0.0027216637347018866,0,0.22941568051565653,0,0.0,0,0.0
3,2,1,3,0,0,0.0,0,0.0036983434768461795,0,0.16569904444269135,0,0.0,0,0.0
2,0,11,5,0,0,0.0,0,0.004049465897706009,0,0.365856308747801,0,0.0,0,0.0
1,3,13,3,0,0,0.0,1,0.8263404061202322,0,0.48910507036297596,1,0.9997805236602465,0,0.05793028322440088
0,1,7,1,0,0,0.0,0,0.0038606406453386257,1,0.7641014111560869,0,0.0,0,0.0
0,3,8,0,0,0,0.0,0,0.0037880132519599284,1,0.7186441152601872,0,0.0,0,0.0
1,0,9,6,0,1,0.875,1,0.8435053270717935,1,0.5527160875318424,1,0.9998309328695285,1,0.8851451603951602
0,0,19,1,0,0,0.0,0,0.004426421917422913,1,0.8002779860401521,0,0.0,0,0.0
2,3,6,0,0,0,0.0,0,0.002062474982751458,0,0.3242763392032392,0,0.0,0,0.009230769230769232
0,3,14,4,0,0,0.0,0,0.00448006559529978,1,0.6755936382393639,0,0.0,0,0.0
0,2,15,6,0,0,0.0,0,0.0026083641904338694,1,0.6839405321037116,0,0.0,0,0.0
3,0,0,3,0,0,0.0,0,0.0023938684583757128,0,0.21080450959908928,0,0.0,0,0.0
0,2,0,5,0,0,0.0,0,0.0015769697994912845,1,0.6798860259230307,0,0.0,0,0.0
2,1,1,4,0,0,0.0,0,0.0041225656420050055,0,0.3332209176229858,0,0.0,0,0.0
1,3,18,5,0,0,0.0,1,0.8328945492438462,0,0.46621860748475613,1,0.9997510702675027,0,0.01
1,2,8,2,0,1,0.9130434782608695,1,0.8194949741177833,1,0.5349739489867283,1,0.9998246436322261,1,0.8956478492515636
0,2,12,0,0,0,0.0,0,0.004129350435914024,1,0.7519721819280886,0,0.0,0,0.0
2,1,17,5,0,0,0.0,0,0.0012294792731523342,0,0.3385426613210071,0,0.0,0,0.0
0,2,23,3,0,0,0.0,0,0.006049456763667811,1,0.7290126533367399,0,0.0,0,0.0
3,1,17,1,0,0,0.0,0,0.0012133462382426753,0,0.2200362916677414,0,0.0,0,0.0
1,0,8,0,1,1,0.8648648648648649,1,0.8434053263499203,1,0.6362672229815008,1,0.9998806922537407,1,0.8688950688534959
1,0,7,0,0,1,0.961038961038961,1,0.8479242938666303,1,0.6350709936486526,1,0.999879772246374,1,0.9615048626688831
2,3,16,0,0,0,0.0,0,0.00347435871310744,0,0.33569550738066634,0,0.0,0,0.0
1,0,2,5,1,1,0.9166666666666666,1,0.8522434673925984,1,0.5583035811317221,1,0.9998318344104143,1,0.9137195294105542
3,1,5,2,0,0,0.0,0,0.0018607581756416912,0,0.20001142726778046,0,0.0,0,0.0
1,3,10,4,0,0,0.0,1,0.816633645232294,0,0.47056711489364156,1,0.9997636703739486,0,0.33699460092291944
2,0,3,2,0,0,0.0,0,0.0032043367521171645,0,0.3977138626454341,0,0.0,0,0.0
2,0,7,3,0,0,0.0,0,0.0026876992983443752,0,0.3886181249011787,0,0.0,0,0.0
0,0,5,3,0,0,0.0,0,0.0027299984497011014,1,0.7681952743558091,0,0.0,0,0.0
3,3,1,0,0,0,0.0,0,0.001687274327929523,0,0.16926912131878943,0,0.0,0,0.0
1,3,14,1,0,1,1.0,1,0.8405113338954305,1,0.5197771110471124,1,0.999803538131384,1,1.0
1,1,5,2,0,1,0.9523809523809523,1,0.7544949280838414,1,0.5684133798657122,1,0.9998466354066993,1,0.9617835712519381
2,2,19,3,0,0,0.0,0,0.002355342565024331,0,0.3334448253158121,0,0.0,0,0.0
2,3,12,3,0,0,0.0,0,0.0025938415699623507,0,0.2932702828947847,0,0.0,0,0.0
1,0,5,1,0,0,0.0,1,0.7960473142503274,1,0.618908508497181,1,0.9998717200689148,0,0.0
2,1,4,0,0,0,0.0,0,0.002287936523785527,0,0.3910227484743589,0,0.0,0,0.0
3,1,1,5,0,0,0.0,0,0.0033270370663558203,0,0.1703370387945221,0,0.0,0,0.0
1,2,13,4,0,1,0.9516129032258065,1,0.8574473801655256,1,0.5120925172942854,1,0.9998074537076339,1,0.9509931102323688
3,1,23,6,0,0,0.0,0,0.0003206063067574959,0,0.17822914495787504,0,0.0,0,0.0
3,0,0,1,0,0,0.0,0,0.003908817414628237,0,0.23102870042349521,0,0.0,0,0.0
1,3,18,2,0,0,0.0,1,0.7935619685389406,1,0.5102548085666976,1,0.9997931438152692,0,0.0
1,1,22,3,1,1,0.9529411764705882,1,0.8800873207337943,1,0.5755186658152259,1,0.9998438894815684,1,0.9559366735496688
1,2,10,2,0,0,0.5,1,0.8155300449691416,1,0.5375429649974737,1,0.9998268511331825,1,0.5133695748695748
3,0,19,4,0,0,0.0,0,0.0028541615260859157,0,0.21742606975824105,0,0.0,0,0.0
1,3,15,0,0,1,0.9166666666666666,1,0.8501493860798129,1,0.5357142052834661,1,0.9998127759055644,1,0.9187755880170737
1,0,8,4,0,1,0.96875,1,0.8628189003349347,1,0.5803126221862871,1,0.9998517814664941,1,0.9682235690608353
1,3,19,3,0,0,0.0,1,0.7979689927180776,0,0.49685119606455047,1,0.9997805876452841,0,0.015681818181818182
1,3,17,1,0,0,0.5,1,0.6948625476537398,1,0.523643692298161,1,0.999803831170196,1,0.5346926926926927
0,3,2,4,0,0,0.0,0,0.0007462510095605034,1,0.6618641005504774,0,0.0,0,0.0
2,0,16,0,0,0,0.0,0,0.0035436110279907446,0,0.44268281562083545,0,0.0,0,0.0
0,3,20,4,0,0,0.0,0,0.004736749654734491,1,0.6823485902667838,0,0.0,0,0.0
1,3,15,3,0,0,0.16666666666666666,1,0.7935298764161971,0,0.49168671470520225,1,0.9997813317842703,0,0.15138528138528135
2,1,0,3,0,0,0.0,0,0.0018182131250912626,0,0.34523914202556266,0,0.0,0,0.0
2,2,9,3,0,0,0.0,0,0.0027884146553678094,0,0.32206509977127296,0,0.0,0,0.0
2,3,18,3,0,0,0.0,0,0.002769851568416723,0,0.29973451157947356,0,0.0,0,0.0
3,0,9,2,0,0,0.0,0,0.002721629137367336,0,0.2288510090754569,0,0.0,0,0.0
0,2,4,2,0,0,0.0,0,0.002913203558350614,1,0.7211685939366024,0,0.0,0,0.0
3,2,6,2,0,0,0.0,0,0.0018607581756416912,0,0.17772909842293477,0,0.0,0,0.0
3,0,9,0,0,0,0.0,0,0.002851759155772853,0,0.2502575290866999,0,0.0,0,0.0
0,0,19,3,0,0,0.0,0,0.0034550331188376196,1,0.7808217439306314,0,0.0,0,0.0
0,2,6,5,0,0,0.0,0,0.004284258725474835,1,0.6865930621448499,0,0.0,0,0.0
3,3,5,1,0,0,0.0,0,0.001827960633759707,0,0.1639755182122081,0,0.0,0,0.0
0,3,16,0,0,0,0.0,0,0.00590385704283599,1,0.7269231584815172,0,0.0,0,0.0
1,0,22,0,0,1,0.9354838709677419,1,0.9076162954664562,1,0.6528322360137061,1,0.9998822629469932,1,0.9327132527259687
2,3,13,4,0,0,0.0,0,0.0032689371365419643,0,0.2822812194232036,0,0.0,0,0.0
1,0,10,1,0,0,0.16666666666666666,1,0.8334185046133282,1,0.6249808702862873,1,0.999876553618169,0,0.1922107892107891
2,3,3,5,0,0,0.0,0,0.001712845162956947,0,0.2604537249513777,0,0.0,0,0.0
2,0,3,4,0,0,0.0,0,0.004202500276424369,0,0.3699174463137775,0,0.0,0,0.0
0,3,15,1,0,0,0.0,0,0.005126421650792638,1,0.7140460694790476,0,0.0,0,0.0
2,0,10,6,0,0,0.0,0,0.003994009844976199,0,0.3511505439631281,0,0.0,0,0.0
1,3,0,3,0,0,0.2,0,0.22259270207684503,0,0.472344679922175,1,0.9997546300253836,0,0.17153427128427126
1,3,21,1,0,1,0.875,1,0.8674141905575606,1,0.5287946488421652,1,0.9998017445231785,1,0.8802861547525024
1,0,19,3,0,1,0.7142857142857143,1,0.8000852498280043,1,0.6081779427235103,1,0.9998641246772637,1,0.695560384060384
1,0,4,2,1,0,0.0,1,0.7681654109443924,1,0.6037146676313934,1,0.9998634973869995,0,0.0
0,1,11,0,0,0,0.0,0,0.0042072107709857755,1,0.7781201473319339,0,0.0,0,0.0
1,1,21,5,0,1,0.5714285714285714,1,0.8753541903796306,1,0.5452923211550011,1,0.9998233630195459,1,0.5555649073149074
0,3,17,3,0,0,0.0,0,0.0017526762566105862,1,0.6916567142946578,0,0.0,0,0.0
1,0,21,2,0,1,0.875,1,0.8282338976343848,1,0.6245194247569752,1,0.9998707062397525,1,0.8666771006771004
2,1,21,4,0,0,0.0,0,0.0030326123815423837,0,0.35655478706700344,0,0.0,0,0.0
1,1,2,3,0,1,0.8125,1,0.8137965049319248,1,0.5501061293395232,1,0.9998320991781915,1,0.8228854826822417
3,3,14,3,0,0,0.0,0,0.0023735360479450016,0,0.15446199249727366,0,0.0,0,0.0
2,3,0,4,0,0,0.0,0,0.00029465110577958593,0,0.2688781774691532,0,0.0,0,0.0
2,1,4,0,0,0,0.0,0,0.002287936523785527,0,0.3910227484743589,0,0.0,0,0.0
2,0,15,4,0,0,0.0,0,0.0028090428174026927,0,0.38447695950306604,0,0.0,0,0.0
0,1,15,6,0,0,0.0,0,0.0026083641904338694,1,0.7155903592618891,0,0.0,0,0.0
3,3,3,0,0,0,0.0,0,0.0013765174314738715,0,0.17072672077589238,0,0.0,0,0.0
2,2,14,4,0,0,0.0,0,0.002641170455412017,0,0.3149113417587317,0,0.0,0,0.0
1,3,15,3,0,0,0.16666666666666666,1,0.7935298764161971,0,0.49168671470520225,1,0.9997813317842703,0,0.15138528138528135
2,0,0,6,0,0,0.0,0,0.0039042890305799756,0,0.3394743076978024,0,0.0,0,0.0
0,0,23,4,0,0,0.0,0,0.0013342947905029192,1,0.7742273033323814,0,0.0,0,0.0
3,1,8,3,0,0,0.0,0,0.0027884146553678094,0,0.19317459141855228,0,0.0,0,0.0
0,0,3,3,0,0,0.0,0,0.004813887246009494,1,0.7663506302411758,0,0.0,0,0.0
1,2,19,3,0,0,0.0,1,0.7922192315320344,1,0.534484245426509,1,0.999819030792455,0,0.0
1,0,14,0,1,1,0.9310344827586207,1,0.8718102656867326,1,0.6434088319065894,1,0.9998838973768109,1,0.9390645314642214
1,1,15,5,0,0,0.0,1,0.8276202804881496,1,0.5375979029897632,1,0.9998252051820997,1,0.7313481518645923
3,1,14,0,0,0,0.0,0,0.003123658676937347,0,0.2275556860674948,0,0.0,0,0.0
0,2,12,4,0,0,0.0,0,0.004699171465677059,1,0.7055806813354547,0,0.0,0,0.0
0,2,13,0,0,0,0.0,0,0.006132414417732394,1,0.752934290271163,0,0.0,0,0.0
1,3,3,1,0,0,0.0,1,0.6527328423975844,1,0.5055828864654943,1,0.9997883186673207,0,0.07023039215686273
3,1,10,0,0,0,0.0,0,0.0027960380913133035,0,0.22394450400195642,0,0.0,0,0.0
3,3,4,3,0,0,0.0,0,0.0014431256154348606,0,0.14783578949148315,0,0.0,0,0.0
0,1,22,1,0,0,0.0,0,0.007458957258860287,1,0.7777801341259587,0,0.0,0,0.0
2,1,17,3,0,0,0.0,0,0.0009916879115362475,0,0.3653485261431865,0,0.0,0,0.0
1,3,23,2,0,0,0.0,1,0.6533152003795522,1,0.5167065327811702,1,0.9997889734213695,0,0.01
1,3,21,6,0,0,0.0,0,0.455190688781681,0,0.4554629285069163,1,0.9997300779939318,0,0.0
2,1,0,1,0,0,0.0,0,0.0028421869122667418,0,0.3722768158194587,0,0.0,0,0.0
1,1,20,5,0,0,0.0,1,0.8333563757847128,1,0.5440113187172698,1,0.999824066782235,0,0.017904761904761902
3,2,18,6,0,0,0.0,0,0.001054141977776677,0,0.15381736454566175,0,0.0,0,0.0
1,2,1,4,0,1,1.0,1,0.8673964628553219,0,0.49659931053914325,1,0.9997877221195252,1,1.0
2,2,20,2,0,0,0.0,0,0.0022924749425365038,0,0.3478065633113446,0,0.0,0,0.0
3,1,12,3,0,0,0.0,0,0.00266515136000269,0,0.19641517721189608,0,0.0,0,0.0
2,1,14,5,0,0,0.0,0,0.0025264784394177604,0,0.3350814328099521,0,0.0,0,0.0
3,3,17,3,0,0,0.0,0,0.0011664924122351237,0,0.15649662756519206,0,0.0,0,0.0
0,0,5,3,0,0,0.0,0,0.0027299984497011014,1,0.7681952743558091,0,0.0,0,0.0
0,2,15,2,0,0,0.0,0,0.003915241345828782,1,0.7324488779240009,0,0.0,0,0.0
1,0,12,4,1,1,0.8,1,0.8573640339006049,1,0.5853360491665214,1,0.9998549698209427,1,0.7743865856365852
3,0,17,0,0,0,0.0,0,0.0019568879891323117,0,0.25809037463482354,0,0.0,0,0.0
3,3,4,3,0,0,0.0,0,0.0014431256154348606,0,0.14783578949148315,0,0.0,0,0.0
0,0,19,0,0,0,0.0,0,0.004102015772149761,1,0.8095082774093175,0,0.0,0,0.0
3,1,10,0,0,0,0.0,0,0.0027960380913133035,0,0.22394450400195642,0,0.0,0,0.0
0,1,14,6,0,0,0.0,0,0.0026083641904338694,1,0.7145379628630828,0,0.0,0,0.0
0,1,20,2,0,0,0.0,0,0.00344131587963755,1,0.7656053535203657,0,0.0,0,0.0
0,2,17,5,0,0,0.0,0,0.001846601130794272,1,0.6986876960776792,0,0.0,0,0.0
1,0,15,6,0,0,0.0,1,0.7151977716181304,1,0.5603646642599522,1,0.9998345857062206,0,0.006428571428571429
0,3,4,5,0,0,0.0,0,0.0031025224737054654,1,0.6509362636776767,0,0.0,0,0.0
2,2,16,5,0,0,0.0,0,0.0038401265304057533,0,0.30455244918930263,0,0.0,0,0.0
3,2,16,2,0,0,0.0,0,0.0026614638679591214,0,0.18540365011408497,0,0.0,0,0.0
2,0,17,2,0,0,0.0,0,0.0019845401024070858,0,0.415156932247581,0,0.0,0,0.0
1,1,9,1,1,1,0.8421052631578947,1,0.822403055014165,1,0.5877876471344576,1,0.9998590304717939,1,0.8194053921775866
1,0,21,5,0,1,1.0,1,0.8962393256909184,1,0.5823478323354001,1,0.9998444060589596,1,1.0
3,1,9,0,0,0,0.0,0,0.0027960380913133035,0,0.2230481056485263,0,0.0,0,0.0
3,2,4,6,0,0,0.0,0,0.0027409032326266595,0,0.1446390585303826,0,0.0,0,0.0
0,1,23,4,0,0,0.0,0,0.0017692173611028833,1,0.746793828072208,0,0.0,0,0.0
3,2,4,4,0,0,0.0,0,0.002336362106307616,0,0.15980079620292265,0,0.0,0,0.0
2,2,11,6,0,0,0.0,0,0.0035444696457099007,0,0.2869335655465384,0,0.0,0,0.0
0,1,20,2,0,0,0.0,0,0.00344131587963755,1,0.7656053535203657,0,0.0,0,0.0
0,3,9,2,0,0,0.0,0,0.004074434979536041,1,0.6953686875356164,0,0.0,0,0.0
1,2,1,1,0,1,0.9900990099009901,1,0.9306534057059851,1,0.5405988612993958,1,0.9998209447274768,1,0.990042407932623
0,2,15,2,0,0,0.0,0,0.003915241345828782,1,0.7324488779240009,0,0.0,0,0.0
1,0,19,0,0,1,0.5454545454545454,1,0.8364415053890424,1,0.6493120071812211,1,0.9998836647052574,1,0.5292654817232992
1,1,13,6,1,1,0.9375,1,0.8526090525961355,1,0.5203787168066384,1,0.9998115207668525,1,0.9329385585118655
3,0,16,6,0,0,0.0,0,0.0029204176354365977,0,0.19563597339017266,0,0.0,0,0.0
2,1,5,3,0,0,0.0,0,0.0018607581756416912,0,0.35110019218420935,0,0.0,0,0.0
1,2,12,3,0,0,0.0,1,0.8126913623649509,1,0.5254778827531248,1,0.9998183993765575,0,0.002857142857142857
1,2,14,2,0,1,0.6,1,0.8094032667577234,1,0.5426748867827004,1,0.9998293542071768,1,0.599601732546779
3,0,2,3,0,0,0.0,0,0.0027209697718655283,0,0.2125282729922706,0,0.0,0,0.0
1,3,0,5,0,0,0.0,0,0.3225158185141092,0,0.44317027095304035,1,0.9997210095537177,0,0.0
2,3,23,0,0,0,0.0,0,0.0023798769516254013,0,0.3438058368782596,0,0.0,0,0.0
3,1,12,1,0,0,0.0,0,0.0025496520645362534,0,0.215636079807833,0,0.0,0,0.0
2,1,11,3,0,0,0.0,0,0.002715478993271475,0,0.3581930525762806,0,0.0,0,0.0
1,3,10,3,1,1,0.9565217391304348,1,0.7911488282172019,0,0.48523373629006683,1,0.999777814626561,1,0.9572884679618405
0,2,13,6,0,0,0.0,0,0.007354919772805497,1,0.6817032181302702,0,0.0,0,0.0
3,0,15,3,0,0,0.0,0,0.0023159476972387538,0,0.22398291463796158,0,0.0,0,0.0
2,0,0,5,0,0,0.0,0,0.003958504278293886,0,0.3527775924399964,0,0.0,0,0.0
1,2,1,1,0,1,0.9900990099009901,1,0.9306534057059851,1,0.5405988612993958,1,0.9998209447274768,1,0.990042407932623
0,3,19,4,0,0,0.0,0,0.004736749654734491,1,0.681227984123048,0,0.0,0,0.0
3,3,21,4,0,0,0.0,0,0.0032105438184107447,0,0.1515296028721634,0,0.0,0,0.0
1,1,0,4,0,1,1.0,1,0.7378703445121491,1,0.5329480659500111,1,0.9998165158889636,1,0.8564999999999998
2,3,4,5,0,0,0.0,0,0.00206722276287762,0,0.2614498647393207,0,0.0,0,0.0
1,1,6,3,0,1,0.7142857142857143,1,0.7544949280838414,1,0.5552139941507125,1,0.999839213595533,1,0.6792817460317457
2,3,4,1,0,0,0.0,0,0.001827960633759707,0,0.30931917470406123,0,0.0,0,0.0
3,2,23,4,0,0,0.0,0,0.0014180424935537604,0,0.17342117906311205,0,0.0,0,0.0
3,2,15,0,0,0,0.0,0,0.003123658676937347,0,0.2029833798774941,0,0.0,0,0.0
2,1,17,3,0,0,0.0,0,0.0009916879115362475,0,0.3653485261431865,0,0.0,0,0.0
2,1,13,2,0,0,0.0,0,0.0029359995918748767,0,0.3742330063220612,0,0.0,0,0.0
1,3,10,3,0,1,0.9565217391304348,1,0.7911488282172019,0,0.48523373629006683,1,0.999777814626561,1,0.9572884679618405
1,0,11,4,0,1,0.9473684210526315,1,0.8596426232051125,1,0.5840818119132829,1,0.9998543755036761,1,0.9488133975387403
1,1,21,6,1,0,0.3333333333333333,0,0.4764047217406099,1,0.5306818260179096,1,0.9998102357368297,0,0.3706507936507936
2,0,16,2,0,0,0.0,0,0.0026994787633651002,0,0.4139033638513733,0,0.0,0,0.0
1,0,1,6,0,0,0.4,1,0.7825278512753868,1,0.5424796663326213,1,0.9998169600320812,0,0.41125793650793663
1,3,22,4,1,0,0.0,1,0.7942503739842763,0,0.48603230012528825,1,0.999763808148267,0,0.23987612876265113
3,2,3,3,0,0,0.0,0,0.00328292834397987,0,0.16713208645030825,0,0.0,0,0.0
2,3,12,0,0,0,0.0,0,0.002469408877597692,0,0.33110381098433544,0,0.0,0,0.0
2,0,20,4,0,0,0.0,0,0.0028541615260859157,0,0.39060675126874606,0,0.0,0,0.0
3,2,15,5,0,0,0.0,0,0.0025264784394177604,0,0.15953669891750957,0,0.0,0,0.0
2,1,7,6,0,0,0.0,0,0.0035942575211146293,0,0.314269669407854,0,0.0,0,0.0
3,3,8,6,0,0,0.0,0,0.0031526589520815378,0,0.12927626756213678,0,0.0,0,0.0
1,1,7,5,1,0,0.4,1,0.8598612992933342,1,0.5273113859679223,1,0.9998187423208504,0,0.3382334887334887
2,3,21,3,0,0,0.0,0,0.002952098304837831,0,0.30299700365334764,0,0.0,0,0.0
2,1,20,1,0,0,0.0,0,0.003271177433108228,0,0.3967183811973163,0,0.0,0,0.0
0,3,3,1,0,0,0.0,0,0.0018365495974416383,1,0.7012242191338623,0,0.0,0,0.0
3,0,6,4,0,0,0.0,0,0.002382922363516019,0,0.20621764183958327,0,0.0,0,0.0
0,2,6,0,0,0,0.0,0,0.0034435089150828104,1,0.7461469836686894,0,0.0,0,0.0
2,2,5,2,0,0,0.0,0,0.0018607581756416912,0,0.3304450588070377,0,0.0,0,0.0
3,3,15,3,0,0,0.0,0,0.0023735360479450016,0,0.15513779103731695,0,0.0,0,0.0
3,0,12,1,0,0,0.0,0,0.0026004758101900484,0,0.24222320714661888,0,0.0,0,0.0
3,1,14,3,0,0,0.0,0,0.00237280196433825,0,0.19805080577023507,0,0.0,0,0.0
1,1,9,3,0,0,0.5,1,0.8217373788184147,1,0.559037311234777,1,0.9998428763919334,1,0.5389664254399205
1,0,20,3,0,1,0.625,1,0.8000852498280043,1,0.6094081084432162,1,0.9998637035787165,1,0.6132449494949495
1,0,4,6,0,1,0.8333333333333334,1,0.8021912028724757,1,0.5463230018061683,1,0.9998235227861337,1,0.8043001443001441
0,0,15,5,0,0,0.0,0,0.004975082722716355,1,0.7562501208739074,0,0.0,0,0.0
1,2,1,6,1,0,0.0,1,0.7308521657772977,0,0.4672534118697954,1,0.999756217106099,0,0.4479793694867223
2,1,8,0,0,0,0.0,0,0.0027960380913133035,0,0.3959535120972461,0,0.0,0,0.0
0,0,12,3,0,0,0.0,0,0.00390873760351278,1,0.7745711770598204,0,0.0,0,0.0
3,1,0,6,0,0,0.0,0,0.0022709643248229514,0,0.16148891843575258,0,0.0,0,0.0
3,1,3,5,0,0,0.0,0,0.003189023879890904,0,0.17180193243007646,0,0.0,0,0.0
0,3,17,1,0,0,0.0,0,0.0022333476391346962,1,0.7161507047265656,0,0.0,0,0.0
2,3,21,5,0,0,0.0,0,0.004245556090076015,0,0.27875654440229447,0,0.0,0,0.0
1,0,1,4,0,1,0.75,1,0.8784532769063206,1,0.571482044727874,1,0.9998406162519358,1,0.6759852609638771
1,2,23,2,0,1,0.9583333333333334,1,0.7907380341138647,1,0.5541870296006505,1,0.9998259475559955,1,0.958618357931499
2,1,6,2,0,0,0.0,0,0.0018607581756416912,0,0.3658050371131068,0,0.0,0,0.0
1,2,15,1,0,0,0.0,1,0.8520478903867433,1,0.5584975447743326,1,0.9998381867609467,0,0.009000000000000001
1,2,9,2,1,1,0.9473684210526315,1,0.8194949741177833,1,0.5362586975588997,1,0.9998258290941788,1,0.9407697040383768
3,3,6,6,0,0,0.0,0,0.0018639426150395173,0,0.1281178825748067,0,0.0,0,0.0
2,1,22,6,0,0,0.0,0,0.0011498547409396378,0,0.3312017097301599,0,0.0,0,0.0
3,3,15,1,0,0,0.0,0,0.003015875460930723,0,0.1711798109497115,0,0.0,0,0.0
2,3,6,0,0,0,0.0,0,0.002062474982751458,0,0.3242763392032392,0,0.0,0,0.009230769230769232
1,3,4,3,0,1,0.6666666666666666,1,0.6734403665717544,0,0.4774968446651402,1,0.9997667080690178,1,0.6751802364302367
0,2,2,5,0,0,0.0,0,0.0036983845393430076,1,0.6821301570448108,0,0.0,0,0.0
1,1,9,3,0,0,0.5,1,0.8217373788184147,1,0.559037311234777,1,0.9998428763919334,1,0.5389664254399205
3,0,11,1,0,0,0.0,0,0.0026495853813102033,0,0.24127639055416647,0,0.0,0,0.0
1,0,21,1,0,1,0.875,1,0.8810791535988328,1,0.6382002605922324,1,0.9998772274701735,1,0.8802969053577968
3,2,16,0,0,0,0.0,0,0.003343534569786076,0,0.20382029480638308,0,0.0,0,0.0
3,1,6,2,0,0,0.0,0,0.0018607581756416912,0,0.2008391763860892,0,0.0,0,0.0
3,3,6,5,0,0,0.0,0,0.002123784522256238,0,0.1348292346011994,0,0.0,0,0.0
3,0,2,3,0,0,0.0,0,0.0027209697718655283,0,0.2125282729922706,0,0.0,0,0.0
0,3,21,1,0,0,0.0,0,0.00628437141419484,1,0.7203317928169504,0,0.0,0,0.0
3,3,10,3,0,0,0.0,0,0.0026428261864873195,0,0.1517828389683249,0,0.0,0,0.0
2,0,20,0,0,0,0.0,0,0.0030915723030065724,0,0.4477860071297885,0,0.0,0,0.0
0,0,17,5,0,0,0.0,0,0.004515104115243682,1,0.7581493419311609,0,0.0,0,0.0
0,3,1,1,0,0,0.0,0,0.002098292608800966,1,0.6990554177469382,0,0.0,0,0.0
1,1,8,0,0,0,0.0,1,0.8329178758183334,1,0.6007155533215435,1,0.9998645560145824,0,0.00625
0,0,8,1,0,0,0.0,0,0.003991843856773164,1,0.7910416076739282,0,0.0,0,0.0
0,3,1,2,0,0,0.0,0,0.0006939561972912623,1,0.6865455047845634,0,0.0,0,0.0
0,1,14,6,0,0,0.0,0,0.0026083641904338694,1,0.7145379628630828,0,0.0,0,0.0
3,3,1,0,0,0,0.0,0,0.001687274327929523,0,0.16926912131878943,0,0.0,0,0.0
2,2,0,3,0,0,0.0,0,0.0011244180928285108,0,0.3120002638761776,0,0.0,0,0.0
0,0,19,1,0,0,0.0,0,0.004426421917422913,1,0.8002779860401521,0,0.0,0,0.0
3,2,18,3,0,0,0.0,0,0.002355342565024331,0,0.17819677885647134,0,0.0,0,0.0
2,3,7,2,0,0,0.0,0,0.0026799830671715994,0,0.3001478103815201,0,0.0,0,0.0
1,2,10,1,0,1,1.0,1,0.8201671914643036,1,0.552120132831217,1,0.9998355839338077,1,1.0
3,3,16,0,0,0,0.0,0,0.00347435871310744,0,0.1804446404327304,0,0.0,0,0.0
3,2,22,1,0,0,0.0,0,0.0038133883760427725,0,0.19934700911708195,0,0.0,0,0.0
0,2,19,2,0,0,0.0,0,0.00344131587963755,1,0.736478233617247,0,0.0,0,0.0
2,3,19,1,0,0,0.0,0,0.00351906574418173,0,0.326111338549239,0,0.0,0,0.0
1,0,20,6,1,0,0.0,1,0.5924650282394661,1,0.5667168084403941,1,0.9998335083894548,0,0.005416666666666666
1,3,7,0,0,1,0.75,1,0.8010313760598246,1,0.5254227759571806,1,0.9998058535736489,1,0.7539608961300133
0,1,8,2,0,0,0.0,0,0.004184548441180507,1,0.7542998621648707,0,0.0,0,0.0
0,0,5,1,0,0,0.0,0,0.003116936382524564,1,0.7884687109648617,0,0.0,0,0.0
3,1,6,5,0,0,0.0,0,0.0028549900705294264,0,0.1740179679332179,0,0.0,0,0.0
3,0,12,3,0,0,0.0,0,0.002601310428676399,0,0.22130107456857162,0,0.0,0,0.0
0,1,7,3,0,0,0.0,0,0.004132456342331082,1,0.7422560018046601,0,0.0,0,0.0
0,1,8,4,0,0,0.0,0,0.004916044520063823,1,0.7318652957595491,0,0.0,0,0.0
2,2,17,2,0,0,0.0,0,0.0009651830614956424,0,0.34429992141745785,0,0.0,0,0.0
0,2,13,2,0,0,0.0,0,0.004975389201451945,1,0.730419597900089,0,0.0,0,0.0
0,0,15,6,0,0,0.0,0,0.003031031131879263,1,0.7452513136539595,0,0.0,0,0.0
1,0,19,2,1,1,0.95,1,0.7957125706377859,1,0.622093897263332,1,0.999871619274996,1,0.9418475815360643
0,2,0,0,0,0,0.0,0,0.005514645116335867,1,0.7402322355801162,0,0.0,0,0.0
0,2,12,0,0,0,0.0,0,0.004129350435914024,1,0.7519721819280886,0,0.0,0,0.0
0,3,23,6,0,0,0.0,0,0.00022187450176493388,1,0.6598241202800929,0,0.0,0,0.0
3,3,0,3,0,0,0.0,0,0.00025766830192946273,0,0.14525182416584975,0,0.0,0,0.0
3,0,2,4,0,0,0.0,0,0.003424229486333014,0,0.20285615490608166,0,0.0,0,0.0
3,2,15,5,0,0,0.0,0,0.0025264784394177604,0,0.15953669891750957,0,0.0,0,0.0
1,3,12,4,0,1,0.9354838709677419,1,0.8138080679308431,0,0.4731415285320726,1,0.9997658056420993,1,0.9388483795765121
1,1,19,2,0,1,0.8974358974358975,1,0.7902562616902992,1,0.5860581679954231,1,0.9998542561044818,1,0.8994873628040729
1,3,3,4,0,0,0.0,1,0.6523459613552871,0,0.46156988158400286,1,0.9997490440134019,0,0.07603823953823953
0,0,21,4,0,0,0.0,0,0.005128150035080126,1,0.7724164398322093,0,0.0,0,0.0
0,0,14,5,0,0,0.0,0,0.004975082722716355,1,0.7552967283444327,0,0.0,0,0.005
2,3,3,3,0,0,0.0,0,0.0010905343098153641,0,0.2837287013055947,0,0.0,0,0.0
0,1,16,6,0,0,0.0,0,0.003964419740666303,1,0.7166404144418452,0,0.0,0,0.0
0,2,2,5,0,0,0.0,0,0.0036983845393430076,1,0.6821301570448108,0,0.0,0,0.0
1,2,4,1,1,0,0.0,1,0.7806057621995366,1,0.5444447284009032,1,0.9998273646380794,0,0.09837256493506494
1,3,4,1,0,0,0.0,1,0.7380988606500943,1,0.5068739868484783,1,0.9997906914725971,0,0.0
1,0,23,3,0,1,0.7777777777777778,1,0.8029713142689867,1,0.6130902121331294,1,0.9998616892336573,1,0.7689059994872681
2,2,23,2,0,0,0.0,0,0.0033389641971399335,0,0.3513297836176732,0,0.0,0,0.0
1,2,14,2,1,1,0.6,1,0.8094032667577234,1,0.5426748867827004,1,0.9998293542071768,1,0.599601732546779
3,0,1,3,0,0,0.0,0,0.003385454343112509,0,0.21166510769028923,0,0.0,0,0.0
0,3,1,5,0,0,0.0,0,0.0010351044031860586,1,0.6474071932702083,0,0.0,0,0.0
3,3,2,6,0,0,0.0,0,0.0005997927734409166,0,0.12582767038476206,0,0.0,0,0.0
2,0,1,2,0,0,0.0,0,0.003385454343112509,0,0.3952419750711938,0,0.0,0,0.0
3,3,16,6,0,0,0.0,0,0.0024944676679041515,0,0.1339992732264848,0,0.0,0,0.0
1,0,10,3,0,1,1.0,1,0.8227110680396427,1,0.5970462653328724,1,0.9998624072867606,1,1.0
2,3,3,2,0,0,0.0,0,0.0010905343098153641,0,0.2958258160532126,0,0.0,0,0.0
2,3,0,4,0,0,0.0,0,0.00029465110577958593,0,0.2688781774691532,0,0.0,0,0.0
2,3,20,0,0,0,0.0,0,0.00370248447668446,0,0.34031848340079035,0,0.0,0,0.0
3,1,21,5,0,0,0.0,0,0.004010494062661889,0,0.18543702983874055,0,0.0,0,0.0
3,3,11,4,0,0,0.0,0,0.00310565609131899,0,0.14500762167901826,0,0.0,0,0.0
2,2,17,6,0,0,0.0,0,0.0009277869859627579,0,0.2933160900232724,0,0.0,0,0.0
1,3,3,3,0,0,0.0,1,0.6090427576157127,0,0.4762083114425399,1,0.9997640634424362,0,0.031166666666666665
3,3,3,6,0,0,0.0,0,0.0015032053421441896,0,0.1263969164618179,0,0.0,0,0.0
2,0,16,1,0,0,0.0,0,0.003544429013969406,0,0.4282323984019129,0,0.0,0,0.0
0,2,19,0,0,0,0.0,0,0.004017223293307787,1,0.7586541173716207,0,0.0,0,0.0
0,3,0,1,0,0,0.0,0,0.0008029815559435978,1,0.6979676615587104,0,0.0,0,0.0
2,1,15,3,0,0,0.0,0,0.00237280196433825,0,0.36295657257811337,0,0.0,0,0.0
2,3,18,6,0,0,0.0,0,0.0012399415723422073,0,0.2640703204572377,0,0.0,0,0.0
3,2,10,6,0,0,0.0,0,0.0035444696457099007,0,0.148515633573348,0,0.0,0,0.0
1,3,19,5,0,1,1.0,1,0.8361236595939782,0,0.4675042359874639,1,0.9997505229862307,1,1.0
1,1,18,0,1,1,0.972972972972973,1,0.8255841215252838,1,0.6130377873348438,1,0.9998682201905738,1,0.9739012144301142
2,3,3,3,0,0,0.0,0,0.0010905343098153641,0,0.2837287013055947,0,0.0,0,0.0
1,3,4,4,1,1,0.5714285714285714,1,0.7129722893327303,0,0.46285380670658055,1,0.9997518569518505,1,0.596586136086136
1,1,13,1,0,1,0.8666666666666667,1,0.8711805941559962,1,0.5927843862161681,1,0.999861566559291,0,0.23099706356520716
2,3,0,5,0,0,0.0,0,0.0004209182804098978,0,0.25748009390598264,0,0.0,0,0.0
0,3,11,5,0,0,0.0,0,0.005249173340513604,1,0.659106190892395,0,0.0,0,0.0
2,3,20,4,0,0,0.0,0,0.0031556952935699223,0,0.28966377212707495,0,0.0,0,0.0
1,2,17,3,0,1,0.6923076923076923,1,0.6158465369033819,1,0.531913033924761,1,0.9998196621037091,1,0.7004116071836658
1,2,23,1,1,0,0.0,1,0.5329773885773014,1,0.5686605432503848,1,0.9998347259211987,0,0.09
0,3,4,4,0,0,0.0,0,0.0026084806971625215,1,0.6641721669522667,0,0.0,0,0.0
3,0,21,3,0,0,0.0,0,0.0027216637347018866,0,0.22941568051565653,0,0.0,0,0.0
1,2,9,6,1,1,0.918918918918919,1,0.8118907472802372,0,0.4775519829684225,1,0.9997748258702716,1,0.9250504028509958
1,3,10,1,1,1,1.0,1,0.7831963545846278,1,0.5146180617648376,1,0.9998006564564105,1,1.0
1,0,6,5,1,1,0.8,1,0.8552316810360573,1,0.5633922437273112,1,0.9998389600448843,1,0.7863381129377492
3,3,1,6,0,0,0.0,0,0.0004575428257018181,0,0.1252606203962397,0,0.0,0,0.0
0,3,0,3,0,0,0.0,0,0.00032919295602273706,1,0.6726218870648817,0,0.0,0,0.0
0,3,2,0,0,0,0.0,0,0.001707933810112099,1,0.7123356082759711,0,0.0,0,0.0
2,1,8,6,0,0,0.0,0,0.0036395900945746405,0,0.31538385960861154,0,0.0,0,0.0
3,1,10,5,0,0,0.0,0,0.003593706440954914,0,0.1770076958229065,0,0.0,0,0.0
1,1,16,6,0,0,0.5,1,0.7565381694475604,1,0.5242448878074154,1,0.9998123081921422,1,0.5205784632034631
1,3,5,0,0,1,0.8461538461538461,1,0.7607965287424755,1,0.5228461959619869,1,0.9998023162460875,1,0.837770819524622
0,0,12,6,0,0,0.0,0,0.006197622673936789,1,0.7422982794550128,0,0.0,0,0.0
0,0,8,3,0,0,0.0,0,0.004089280956494191,1,0.770943124428135,0,0.0,0,0.0
3,3,22,5,0,0,0.0,0,0.0027881052026437216,0,0.14476376021953066,0,0.0,0,0.0
2,0,16,1,0,0,0.0,0,0.003544429013969406,0,0.4282323984019129,0,0.0,0,0.0
1,1,20,4,0,0,0.5,1,0.8152347621488097,1,0.5585520377584661,1,0.9998354192244137,1,0.5119979187479187
2,1,10,5,0,0,0.0,0,0.003593706440954914,0,0.33049395708557866,0,0.0,0,0.0
3,1,13,2,0,0,0.0,0,0.0029359995918748767,0,0.20670519783898797,0,0.0,0,0.0
0,0,23,1,0,0,0.0,0,0.001695628530114502,1,0.8035597931310404,0,0.0,0,0.0
0,1,18,2,0,0,0.0,0,0.00344131587963755,1,0.7637464379192551,0,0.0,0,0.0
2,1,16,0,0,0,0.0,0,0.003343534569786076,0,0.4058778456402329,0,0.0,0,0.0
3,1,1,6,0,0,0.0,0,0.002355857340022049,0,0.162189563753138,0,0.0,0,0.0
2,2,4,3,0,0,0.0,0,0.0019404403201126557,0,0.31645237031487555,0,0.0,0,0.0
1,0,23,0,0,1,0.7333333333333333,1,0.8225566051067905,1,0.6540019642043401,1,0.9998815794576913,1,0.7293519729122973
1,3,15,6,0,0,0.0,1,0.639142333429487,0,0.4477878002894001,1,0.9997328927742868,0,0.0275
3,3,15,6,0,0,0.0,0,0.0016403907000210412,0,0.13340101713475525,0,0.0,0,0.0
3,2,5,5,0,0,0.0,0,0.0028549900705294264,0,0.15273212153787577,0,0.0,0,0.0
2,3,9,3,0,0,0.0,0,0.0027138157606316124,0,0.290068936669347,0,0.0,0,0.0
2,0,22,6,0,0,0.0,0,0.001296084261061156,0,0.3653997706586472,0,0.0,0,0.0
3,1,9,3,0,0,0.0,0,0.0027884146553678094,0,0.19398090702157747,0,0.0,0,0.0
2,0,1,2,0,0,0.0,0,0.003385454343112509,0,0.3952419750711938,0,0.0,0,0.0
3,0,18,5,0,0,0.0,0,0.003289656744091329,0,0.20674143932291938,0,0.0,0,0.0
0,2,2,1,0,0,0.0,0,0.004580564007217821,1,0.7308069957950666,0,0.0,0,0.0
1,3,22,2,0,0,0.0,1,0.7895748318052754,1,0.5154165645088687,1,0.9997901912939161,0,0.12056852457260807
3,3,14,0,0,0,0.0,0,0.0032459076454807636,0,0.17892197404091506,0,0.0,0,0.0
2,2,12,0,0,0,0.0,0,0.0027442215154208,0,0.3652972846774979,0,0.0,0,0.0
0,1,13,2,0,0,0.0,0,0.004975389201451945,1,0.7590547487612331,0,0.0,0,0.0
1,3,14,2,0,0,0.0,1,0.7890516175925774,1,0.5050908649675635,1,0.9997931036011133,0,0.003333333333333333
1,1,16,5,0,1,0.8918918918918919,1,0.8796215770855249,1,0.5388816507606052,1,0.9998252921341029,1,0.8911615392435216
0,1,0,2,0,0,0.0,0,0.0024450775473004653,1,0.74656144103336,0,0.0,0,0.0
0,2,4,3,0,0,0.0,0,0.002913203558350614,1,0.7091955081060403,0,0.0,0,0.0
0,3,22,0,0,0,0.0,0,0.005004014427641389,1,0.7330316532686755,0,0.0,0,0.0
1,0,6,6,0,1,0.9090909090909091,1,0.8064484945789955,1,0.5488821901286113,1,0.9998269916991671,1,0.9025016336003171
3,3,19,6,0,0,0.0,0,0.001269238781890941,0,0.135807658349853,0,0.0,0,0.0
1,2,12,4,0,1,0.5454545454545454,1,0.8360920840425086,1,0.5108018933766978,1,0.999806838237495,1,0.5634381811858591
2,0,20,3,0,0,0.0,0,0.002298905675333675,0,0.40468615172159383,0,0.0,0,0.0
2,2,2,2,0,0,0.0,0,0.0027877391550554576,0,0.3270256883328474,0,0.0,0,0.0
0,2,19,6,0,0,0.0,0,0.0015198570483328999,1,0.6883896307850776,0,0.0,0,0.0
1,3,6,4,0,0,0.0,1,0.7042987695026794,0,0.46542311843530176,1,0.9997567342170104,0,0.2404596237096237
0,1,12,3,0,0,0.0,0,0.0039998158841955895,1,0.7471658405778691,0,0.0,0,0.0
3,0,8,2,0,0,0.0,0,0.002721629137367336,0,0.2279407395994589,0,0.0,0,0.0
3,2,9,0,0,0,0.0,0,0.0027960380913133035,0,0.1980157074522964,0,0.0,0,0.0
1,0,11,3,0,0,0.0,1,0.8227110680396427,1,0.5982882956698079,1,0.9998630918266597,0,0.02
2,2,19,1,0,0,0.0,0,0.002880920842809889,0,0.36006676965496476,0,0.0,0,0.0
2,2,22,1,0,0,0.0,0,0.0038133883760427725,0,0.36364493673583426,0,0.0,0,0.0
3,1,15,2,0,0,0.0,0,0.0023094694031143784,0,0.20840429265303778,0,0.0,0,0.0
0,2,19,1,0,0,0.0,0,0.00433495285098078,1,0.7477276005958707,0,0.0,0,0.0
0,2,8,2,0,0,0.0,0,0.004184548441180507,1,0.7253041198559991,0,0.0,0,0.0
2,1,10,2,0,0,0.0,0,0.002715478993271475,0,0.3706113318159462,0,0.0,0,0.0
3,3,17,0,0,0,0.0,0,0.0011129152262465707,0,0.18120975483878166,0,0.0,0,0.0
3,3,5,5,0,0,0.0,0,0.002123784522256238,0,0.1342278473829156,0,0.0,0,0.0
3,2,17,2,0,0,0.0,0,0.0009651830614956424,0,0.1861850146478599,0,0.0,0,0.0
1,2,8,2,0,1,0.9130434782608695,1,0.8194949741177833,1,0.5349739489867283,1,0.9998246436322261,1,0.8956478492515636
2,1,17,6,0,0,0.0,0,0.0009277869859627579,0,0.3255062053483117,0,0.0,0,0.003333333333333333
3,2,21,5,0,0,0.0,0,0.004010494062661889,0,0.1637361243012889,0,0.0,0,0.0
0,0,14,4,0,0,0.0,0,0.00490841606775481,1,0.7659980050598116,0,0.0,0,0.0
3,2,3,0,0,0,0.0,0,0.0034182991062604133,0,0.19314014913517438,0,0.0,0,0.0
1,1,2,4,0,1,1.0,1,0.8347074376673109,1,0.535518556696511,1,0.9998214100461612,1,1.0
3,2,9,6,0,0,0.0,0,0.0036395900945746405,0,0.14786363329059138,0,0.0,0,0.0
0,3,5,2,0,0,0.0,0,0.0020775980247056585,1,0.6909745023151407,0,0.0,0,0.0
2,1,13,0,0,0,0.0,0,0.0036108145714165633,0,0.40214673299003134,0,0.0,0,0.0
2,1,8,6,0,0,0.0,0,0.0036395900945746405,0,0.31538385960861154,0,0.0,0,0.0
0,0,7,0,0,0,0.0,0,0.0044466815543697785,1,0.799766525676518,0,0.0,0,0.0
1,3,18,3,0,0,0.0,1,0.7979689927180776,0,0.49555996967198346,1,0.9997810689877288,0,0.0
2,0,23,4,0,0,0.0,0,0.0010370123778704213,0,0.3943014104049945,0,0.0,0,0.0
3,2,15,6,0,0,0.0,0,0.0016398829897669735,0,0.15181129373074,0,0.0,0,0.0
1,1,1,1,0,1,1.0,1,0.9300113667138518,1,0.5777406714938147,1,0.9998473794534877,1,1.0
2,0,2,1,0,0,0.0,0,0.003104877981441576,0,0.4106256773118546,0,0.0,0,0.0
1,2,2,5,0,1,0.75,1,0.8031969861913293,0,0.48320049163765494,1,0.9997760265315281,1,0.8073888888888888
0,1,2,0,0,0,0.0,0,0.005166389995521363,1,0.7699905875325807,0,0.0,0,0.0
1,1,12,1,1,0,0.0,1,0.8196467469170878,1,0.5915369566411579,1,0.9998611240357085,0,0.0
1,3,19,2,0,0,0.0,1,0.7935619685389406,1,0.5115454956300006,1,0.9997926890150753,0,0.0
2,3,7,0,0,0,0.0,0,0.002604465265786728,0,0.3254091709892831,0,0.0,0,0.0
1,3,7,0,0,1,0.75,1,0.8010313760598246,1,0.5254227759571806,1,0.9998058535736489,1,0.7539608961300133
0,2,12,6,0,0,0.0,0,0.005335748626423936,1,0.6805814010288069,0,0.0,0,0.0
3,0,8,5,0,0,0.0,0,0.004158082025486575,0,0.19839875652178354,0,0.0,0,0.0
1,2,13,5,0,0,0.0,1,0.873355960798004,0,0.49739850545335584,1,0.9997941726589401,0,0.10414174714174715
0,0,15,3,0,0,0.0,0,0.003930840221813665,1,0.7772653605161466,0,0.0,0,0.0
1,0,16,4,0,1,1.0,1,0.8727559061372226,1,0.5903417942115502,1,0.9998560359522014,1,1.0
3,1,15,1,0,0,0.0,0,0.002902264851643033,0,0.21826851145499496,0,0.0,0,0.0
1,2,19,0,0,0,0.0,1,0.8233797053422626,1,0.5779864591015532,1,0.999845054699989,0,0.015151515151515152
1,0,11,4,1,1,0.9473684210526315,1,0.8596426232051125,1,0.5840818119132829,1,0.9998543755036761,1,0.9488133975387403
3,0,18,3,0,0,0.0,0,0.002298905675333675,0,0.22668779354096436,0,0.0,0,0.0
3,2,22,0,0,0,0.0,0,0.0038133883760427725,0,0.2088956579809615,0,0.0,0,0.0
2,3,7,0,0,0,0.0,0,0.002604465265786728,0,0.3254091709892831,0,0.0,0,0.0
1,1,20,3,1,0,0.0,1,0.794715600300259,1,0.5729930300254893,1,0.9998452699958394,0,0.029320804195804195
1,2,23,0,1,1,1.0,1,0.8086396370173828,1,0.5830177225289025,1,0.9998422774980187,1,0.8072049844903197
3,0,2,2,0,0,0.0,0,0.0027209697718655283,0,0.2225328149875574,0,0.0,0,0.0
2,2,0,3,0,0,0.0,0,0.0011244180928285108,0,0.3120002638761776,0,0.0,0,0.0
2,1,17,6,0,0,0.0,0,0.0009277869859627579,0,0.3255062053483117,0,0.0,0,0.003333333333333333
2,3,18,6,0,0,0.0,0,0.0012399415723422073,0,0.2640703204572377,0,0.0,0,0.0
2,2,11,6,0,0,0.0,0,0.0035444696457099007,0,0.2869335655465384,0,0.0,0,0.0
1,3,22,5,0,1,0.8,1,0.8298518776993601,0,0.4713636435873996,1,0.9997475173692371,1,0.8118298394072386
3,2,21,5,0,0,0.0,0,0.004010494062661889,0,0.1637361243012889,0,0.0,0,0.0
1,3,7,4,0,1,0.625,1,0.8187205942914402,0,0.4667084712969656,1,0.999758812167741,1,0.6431171606171604
1,3,2,6,0,0,0.0,0,0.37144258125653945,0,0.43124813422552893,1,0.9997082715841965,0,0.1447967587967588
2,1,14,2,0,0,0.0,0,0.0023094694031143784,0,0.37544339158833145,0,0.0,0,0.0
3,1,9,0,0,0,0.0,0,0.0027960380913133035,0,0.2230481056485263,0,0.0,0,0.0
0,0,15,0,0,0,0.0,0,0.005418553335116537,1,0.8063018930290032,0,0.0,0,0.0
3,3,10,0,0,0,0.0,0,0.0025160495144977554,0,0.1759068241080267,0,0.0,0,0.0
2,2,15,6,0,0,0.0,0,0.0016398829897669735,0,0.29117936525365123,0,0.0,0,0.0
2,1,14,4,0,0,0.0,0,0.002641170455412017,0,0.3483033455356117,0,0.0,0,0.0
2,0,20,0,0,0,0.0,0,0.0030915723030065724,0,0.4477860071297885,0,0.0,0,0.0
0,3,15,6,0,0,0.0,0,0.0026104228984570642,1,0.650488894880645,0,0.0,0,0.0
2,0,20,5,0,0,0.0,0,0.0033672211304382575,0,0.37670722436827364,0,0.0,0,0.0
3,2,18,3,0,0,0.0,0,0.002355342565024331,0,0.17819677885647134,0,0.0,0,0.0
3,2,21,3,0,0,0.0,0,0.0027884500993057043,0,0.18047732515267356,0,0.0,0,0.0
1,1,14,0,0,1,0.8333333333333334,1,0.8629159508015813,1,0.6081252777653877,1,0.9998681945698179,1,0.880709124209124
1,1,0,6,0,1,0.8571428571428571,1,0.6912006570898951,1,0.5036030306594197,1,0.9997892833739201,1,0.8263806193806188
0,1,6,1,0,0,0.0,0,0.003052443998875585,1,0.7631691107808566,0,0.0,0,0.0
0,2,21,4,0,0,0.0,0,0.004677030106959639,1,0.7151445788844724,0,0.0,0,0.0
0,0,15,4,0,0,0.0,0,0.00490841606775481,1,0.7669225703617066,0,0.0,0,0.0
3,2,17,3,0,0,0.0,0,0.0009916879115362475,0,0.17744162909879213,0,0.0,0,0.0
0,0,22,1,0,0,0.0,0,0.007615839739741968,1,0.8027431792854719,0,0.0,0,0.0
2,0,10,4,0,0,0.0,0,0.00339369164470883,0,0.37838363340053516,0,0.0,0,0.0
3,1,2,5,0,0,0.0,0,0.002597951476090624,0,0.1710682411877293,0,0.0,0,0.0
3,1,17,6,0,0,0.0,0,0.0009277869859627579,0,0.17373523293486368,0,0.0,0,0.0
1,1,4,5,0,1,0.9375,1,0.8237871311445608,1,0.5234474819853225,1,0.9998135150088868,1,0.8555439089439574
2,1,11,3,0,0,0.0,0,0.002715478993271475,0,0.3581930525762806,0,0.0,0,0.0
0,3,18,4,0,0,0.0,0,0.004627784484006883,1,0.6801052780646217,0,0.0,0,0.0
3,3,18,6,0,0,0.0,0,0.0012399415723422073,0,0.1352025890008612,0,0.0,0,0.0
1,3,16,2,0,1,0.8095238095238095,1,0.8117512365881118,1,0.5076730414270554,1,0.9997934948948382,1,0.7954528793170803
2,3,12,3,0,0,0.0,0,0.0025938415699623507,0,0.2932702828947847,0,0.0,0,0.0
3,3,22,5,0,0,0.0,0,0.0027881052026437216,0,0.14476376021953066,0,0.0,0,0.0
2,1,14,6,0,0,0.0,0,0.0016398829897669735,0,0.3221133545746581,0,0.0,0,0.0
2,2,4,2,0,0,0.0,0,0.0019404403201126557,0,0.32930325372066915,0,0.0,0,0.0
2,3,20,4,0,0,0.0,0,0.0031556952935699223,0,0.28966377212707495,0,0.0,0,0.0
1,1,4,5,0,1,0.9375,1,0.8237871311445608,1,0.5234474819853225,1,0.9998135150088868,1,0.8555439089439574
1,1,1,1,0,1,1.0,1,0.9300113667138518,1,0.5777406714938147,1,0.9998473794534877,1,1.0
1,0,21,0,0,0,0.0,1,0.8728338254507153,1,0.6516606595779704,1,0.9998828373262809,0,0.022554112554112552
2,3,10,5,0,0,0.0,0,0.0034976390129206037,0,0.26747816570282246,0,0.0,0,0.0
1,3,1,6,0,0,0.4444444444444444,0,0.31069135410535414,0,0.42998170029078514,1,0.9997044344412618,0,0.4473959651459652
2,0,23,1,0,0,0.0,0,0.0009560070156475937,0,0.43710734421435654,0,0.0,0,0.0
0,0,3,5,0,0,0.0,0,0.006286134678839634,1,0.7446439015891912,0,0.0,0,0.0
0,0,15,6,0,0,0.0,0,0.003031031131879263,1,0.7452513136539595,0,0.0,0,0.0
3,2,18,3,0,0,0.0,0,0.002355342565024331,0,0.17819677885647134,0,0.0,0,0.0
3,1,6,2,0,0,0.0,0,0.0018607581756416912,0,0.2008391763860892,0,0.0,0,0.0
1,2,3,6,1,0,0.0,1,0.7885145368079742,0,0.4698257844404686,1,0.9997622927684828,0,0.036333333333333336
2,0,19,5,0,0,0.0,0,0.0033672211304382575,0,0.37549521428899935,0,0.0,0,0.0
1,1,15,3,0,1,0.8571428571428571,1,0.8158512155722416,1,0.5666625413979253,1,0.9998462712185158,1,0.864314542517088
2,1,17,0,0,0,0.0,0,0.000910701194422708,0,0.4071239917178895,0,0.0,0,0.0
2,3,9,3,0,0,0.0,0,0.0027138157606316124,0,0.290068936669347,0,0.0,0,0.0
0,2,3,5,0,0,0.0,0,0.00478527662085005,1,0.6832490663508415,0,0.0,0,0.0
2,3,20,0,0,0,0.0,0,0.00370248447668446,0,0.34031848340079035,0,0.0,0,0.0
1,0,19,3,0,1,0.7142857142857143,1,0.8000852498280043,1,0.6081779427235103,1,0.9998641246772637,1,0.695560384060384
1,0,22,3,0,0,0.0,1,0.8835511024023912,1,0.6118642571237167,1,0.9998624875078216,0,0.00857142857142857
2,3,8,3,0,0,0.0,0,0.0027138157606316124,0,0.2890064257295557,0,0.0,0,0.0
3,2,22,4,0,0,0.0,0,0.0033252248144288376,0,0.1726820145439656,0,0.0,0,0.0
2,1,3,5,0,0,0.0,0,0.003189023879890904,0,0.3225432980318398,0,0.0,0,0.0
3,0,10,4,0,0,0.0,0,0.00339369164470883,0,0.20962018351536935,0,0.0,0,0.0
0,2,19,3,0,0,0.0,0,0.003535577064409927,1,0.7249117836613741,0,0.0,0,0.0
2,2,11,2,0,0,0.0,0,0.002715478993271475,0,0.3373375709663543,0,0.0,0,0.0
0,0,10,3,0,0,0.0,0,0.0039824548417250714,1,0.7727622621648162,0,0.0,0,0.0
3,1,20,4,0,0,0.0,0,0.002683600062736241,0,0.1936733424925958,0,0.0,0,0.0
1,1,22,2,0,0,0.0,1,0.8771959201266467,1,0.5898122305022535,1,0.9998525000455898,0,0.3165505681801461
1,0,21,5,0,1,1.0,1,0.8962393256909184,1,0.5823478323354001,1,0.9998444060589596,1,1.0
0,2,13,4,0,0,0.0,0,0.005536481760420526,1,0.7066525430065205,0,0.0,0,0.0
2,3,22,6,0,0,0.0,0,0.0007240828394582986,0,0.2681050103677599,0,0.0,0,0.0
1,0,4,3,0,1,0.75,1,0.7681654109443924,1,0.5895684395472686,1,0.9998555287189719,1,0.7514345438927146
2,1,11,4,0,0,0.0,0,0.003190991649452844,0,0.34479434291427263,0,0.0,0,0.0
0,0,7,0,0,0,0.0,0,0.0044466815543697785,1,0.799766525676518,0,0.0,0,0.0
3,1,6,6,0,0,0.0,0,0.0028158457076707935,0,0.16572959834223955,0,0.0,0,0.0
1,3,7,0,0,1,0.75,1,0.8010313760598246,1,0.5254227759571806,1,0.9998058535736489,1,0.7539608961300133
3,2,13,2,0,0,0.0,0,0.0029359995918748767,0,0.18307475997192227,0,0.0,0,0.0
0,3,14,3,0,0,0.0,0,0.00402560172691733,1,0.6883422222957041,0,0.0,0,0.0
1,3,11,1,0,0,0.0,1,0.7831963545846278,1,0.5159081592232292,1,0.9998016481529934,0,0.12
2,1,14,2,0,0,0.0,0,0.0023094694031143784,0,0.37544339158833145,0,0.0,0,0.0
2,1,15,6,0,0,0.0,0,0.0016398829897669735,0,0.3232422447775206,0,0.0,0,0.0
3,1,2,5,0,0,0.0,0,0.002597951476090624,0,0.1710682411877293,0,0.0,0,0.0
1,1,19,1,0,0,0.0,1,0.8363185558712193,1,0.6002433480627233,1,0.9998616069207567,0,0.30761198677376916
0,0,11,4,0,0,0.0,0,0.0052494648761614625,1,0.7632090524018333,0,0.0,0,0.0
0,1,13,2,0,0,0.0,0,0.004975389201451945,1,0.7590547487612331,0,0.0,0,0.0
2,3,21,5,0,0,0.0,0,0.004245556090076015,0,0.27875654440229447,0,0.0,0,0.0
0,1,13,1,0,0,0.0,0,0.005698989796070859,1,0.7696418045173322,0,0.0,0,0.0
2,1,10,5,0,0,0.0,0,0.003593706440954914,0,0.33049395708557866,0,0.0,0,0.0
1,2,22,1,0,0,0.0,1,0.8930694061455697,1,0.5673931452900739,1,0.9998356797911924,0,0.09571441058941059
1,0,11,5,1,1,0.9538461538461539,1,0.8815413154676682,1,0.5697342318262671,1,0.9998443304229304,1,0.9514305067978072
3,2,4,6,0,0,0.0,0,0.0027409032326266595,0,0.1446390585303826,0,0.0,0,0.0
3,2,10,6,0,0,0.0,0,0.0035444696457099007,0,0.148515633573348,0,0.0,0,0.0
3,0,10,5,0,0,0.0,0,0.004049465897706009,0,0.20004679109014822,0,0.0,0,0.0
1,1,23,6,0,0,0.3333333333333333,0,0.13471883189634062,1,0.5332538660894185,1,0.9998081985608205,0,0.31325000000000003
1,2,8,1,0,1,0.8620689655172413,1,0.8201671914643036,1,0.5495642391054871,1,0.9998334877500986,1,0.8595166600069267
2,3,6,4,0,0,0.0,0,0.0016663805161250462,0,0.2750139764166474,0,0.0,0,0.0
2,1,4,1,0,0,0.0,0,0.002027838094734254,0,0.3771175792661627,0,0.0,0,0.0
1,0,23,0,1,1,0.7333333333333333,1,0.8225566051067905,1,0.6540019642043401,1,0.9998815794576913,1,0.7293519729122973
1,3,14,0,1,1,0.6666666666666666,1,0.8501493860798129,1,0.5344292578706512,1,0.9998125144496333,1,0.6662704043032989
3,2,0,2,0,0,0.0,0,0.0011244180928285108,0,0.17324513662107918,0,0.0,0,0.0
3,2,2,2,0,0,0.0,0,0.0027877391550554576,0,0.17472977271848059,0,0.0,0,0.0
2,0,2,1,0,0,0.0,0,0.003104877981441576,0,0.4106256773118546,0,0.0,0,0.0
2,3,9,2,0,0,0.0,0,0.0027138157606316124,0,0.3023222773838342,0,0.0,0,0.0
2,1,0,4,0,0,0.0,0,0.002078713227323256,0,0.3320742780233199,0,0.0,0,0.0
1,1,18,1,0,1,0.9411764705882353,1,0.8363185558712193,1,0.5990033110329233,1,0.999861910549281,1,0.9301964786477339
2,2,20,1,0,0,0.0,0,0.003271177433108228,0,0.36125778784008544,0,0.0,0,0.0
2,2,5,2,0,0,0.0,0,0.0018607581756416912,0,0.3304450588070377,0,0.0,0,0.0
0,3,5,5,0,0,0.0,0,0.0031873208330381536,1,0.6521089758220867,0,0.0,0,0.0
0,1,9,0,0,0,0.0,0,0.0042072107709857755,1,0.7763314870799511,0,0.0,0,0.0
2,1,6,6,0,0,0.0,0,0.0028158457076707935,0,0.31315761491769106,0,0.0,0,0.0
0,2,21,2,0,0,0.0,0,0.004186459954784286,1,0.7384782361193183,0,0.0,0,0.0
2,0,18,6,0,0,0.0,0,0.001188213977905013,0,0.3606223372288892,0,0.0,0,0.0
0,2,15,6,0,0,0.0,0,0.0026083641904338694,1,0.6839405321037116,0,0.0,0,0.0
3,0,4,1,0,0,0.0,0,0.002068281777678143,0,0.23471956695094218,0,0.0,0,0.0
0,1,22,5,0,0,0.0,0,0.00804499038797019,1,0.73451153373759,0,0.0,0,0.0
2,1,19,6,0,0,0.0,0,0.0010790538769584355,0,0.3277783425834417,0,0.0,0,0.0
1,0,11,2,0,0,0.0,1,0.8227110680396427,1,0.6123316009982748,1,0.9998706433868939,0,0.0077777777777777776
1,2,22,2,0,1,0.85,1,0.8677363501868676,1,0.5529105399427319,1,0.9998269520810584,1,0.8477159328445937
3,3,3,2,0,0,0.0,0,0.0010905343098153641,0,0.15471923557023515,0,0.0,0,0.0
3,1,3,3,0,0,0.0,0,0.00328292834397987,0,0.18918125919820178,0,0.0,0,0.0
1,3,12,5,0,1,0.8235294117647058,1,0.8336418393275464,0,0.458514847137485,1,0.9997496526010226,1,0.8322760051426863
1,3,1,4,0,0,0.0,0,0.4299604711931623,0,0.45900357698936145,1,0.9997426298075065,0,0.0
0,1,23,6,0,0,0.0,0,0.00033763611593509436,1,0.7239247407375577,0,0.0,0,0.0
0,1,2,4,0,0,0.0,0,0.004582297858077122,1,0.7257400985267934,0,0.0,0,0.01
0,3,4,5,0,0,0.0,0,0.0031025224737054654,1,0.6509362636776767,0,0.0,0,0.0
3,1,16,0,0,0,0.0,0,0.003343534569786076,0,0.22937661360127393,0,0.0,0,0.0
1,1,7,4,0,0,0.0,1,0.8425631457482182,1,0.5419362391274287,1,0.9998304382762649,0,0.008
1,3,8,5,0,1,0.94,1,0.8398344419795365,0,0.45338977397685587,1,0.999744149537286,1,0.9374812607459078
2,0,3,3,0,0,0.0,0,0.0032043367521171645,0,0.3837206799772401,0,0.0,0,0.0
0,3,12,3,0,0,0.0,0,0.0038945445190586123,1,0.6861217674112755,0,0.0,0,0.0
0,0,20,3,0,0,0.0,0,0.0034550331188376196,1,0.7817044305683352,0,0.0,0,0.0
3,3,3,5,0,0,0.0,0,0.001712845162956947,0,0.13303187237966485,0,0.0,0,0.0
3,0,23,4,0,0,0.0,0,0.0010370123778704213,0,0.22096206779880354,0,0.0,0,0.0
0,1,0,6,0,0,0.0,0,0.0031219984761645565,1,0.6995622479615934,0,0.0,0,0.0
2,0,22,6,0,0,0.0,0,0.001296084261061156,0,0.3653997706586472,0,0.0,0,0.0
2,1,15,5,0,0,0.0,0,0.0025264784394177604,0,0.33623322890883534,0,0.0,0,0.0
2,3,13,5,0,0,0.0,0,0.003681452602574879,0,0.27052519550520704,0,0.0,0,0.0
0,1,11,0,0,0,0.0,0,0.0042072107709857755,1,0.7781201473319339,0,0.0,0,0.0
1,2,2,2,0,0,0.0,1,0.8114771269822354,1,0.5272563005401888,1,0.9998138828124998,0,0.03496616809116809
3,0,6,0,0,0,0.0,0,0.0023335555415286637,0,0.24736137233271396,0,0.0,0,0.0
1,2,13,3,0,0,0.0,1,0.8438066771008761,1,0.526765659046132,1,0.9998189780161792,0,0.027164502164502165
3,3,9,3,0,0,0.0,0,0.0027138157606316124,0,0.15111904091334333,0,0.0,0,0.0
3,1,22,5,0,0,0.0,0,0.004422183165234451,0,0.18621850288921357,0,0.0,0,0.0
2,1,12,2,0,0,0.0,0,0.00266515136000269,0,0.3730241925940071,0,0.0,0,0.0
2,2,15,4,0,0,0.0,0,0.002641170455412017,0,0.31602675846775613,0,0.0,0,0.0
0,0,0,3,0,0,0.0,0,0.0034166725794099527,1,0.7635645831078346,0,0.0,0,0.0
3,3,17,4,0,0,0.0,0,0.0012986025574785892,0,0.14889235536552453,0,0.0,0,0.0
0,3,12,3,0,0,0.0,0,0.0038945445190586123,1,0.6861217674112755,0,0.0,0,0.0
0,2,14,4,0,0,0.0,0,0.004476539012890808,1,0.7077221189059182,0,0.0,0,0.0
1,0,22,3,0,0,0.0,1,0.8835511024023912,1,0.6118642571237167,1,0.9998624875078216,0,0.00857142857142857
3,3,18,3,0,0,0.0,0,0.002769851568416723,0,0.15717967319403395,0,0.0,0,0.0
3,1,0,5,0,0,0.0,0,0.002302551531895008,0,0.1696083223121804,0,0.0,0,0.0
0,1,2,2,0,0,0.0,0,0.003968242118841472,1,0.7485110488228643,0,0.0,0,0.0
1,3,18,1,0,0,0.0,1,0.8441387464401546,1,0.5249319461085415,1,0.9998035763177937,0,0.17149867514573394
2,3,23,6,0,0,0.0,0,0.0002312108221785071,0,0.26911976462037235,0,0.0,0,0.0
0,2,21,3,0,0,0.0,0,0.004301043314332266,1,0.7269670260346883,0,0.0,0,0.0
0,2,17,0,0,0,0.0,0,0.0013717099259155964,1,0.7567575884716861,0,0.0,0,0.0
1,1,20,5,0,0,0.0,1,0.8333563757847128,1,0.5440113187172698,1,0.999824066782235,0,0.017904761904761902
0,0,0,5,0,0,0.0,0,0.005814438995782223,1,0.7416862668325606,0,0.0,0,0.0
2,3,4,1,0,0,0.0,0,0.001827960633759707,0,0.30931917470406123,0,0.0,0,0.0
2,3,10,4,0,0,0.0,0,0.00310565609131899,0,0.2791524481109733,0,0.0,0,0.0
3,0,0,1,0,0,0.0,0,0.003908817414628237,0,0.23102870042349521,0,0.0,0,0.0
0,0,0,6,0,0,0.0,0,0.0058633518168325705,1,0.7302646857751817,0,0.0,0,0.0
1,2,18,5,0,0,0.0,1,0.8279244197365742,1,0.503854912979431,1,0.9997946840800543,0,0.15950898856045914
0,0,12,6,0,0,0.0,0,0.006197622673936789,1,0.7422982794550128,0,0.0,0,0.0
1,2,13,1,1,1,0.8666666666666667,1,0.8694613443553699,1,0.5559487745399095,1,0.999837588719621,1,0.870652772529174
1,0,7,3,0,0,0.5,1,0.8247436923170837,1,0.5933127585712513,1,0.9998595785210291,0,0.4872097657244717
2,0,17,2,0,0,0.0,0,0.0019845401024070858,0,0.415156932247581,0,0.0,0,0.0
0,2,18,1,0,0,0.0,0,0.00433495285098078,1,0.7467520363267938,0,0.0,0,0.0
2,0,8,5,0,0,0.0,0,0.004158082025486575,0,0.3622687696580034,0,0.0,0,0.0
3,1,16,3,0,0,0.0,0,0.0027344227148415655,0,0.19969667006538214,0,0.0,0,0.0
3,2,7,3,0,0,0.0,0,0.0027536545176926395,0,0.17002786364230857,0,0.0,0,0.0
1,3,12,3,0,1,0.9565217391304348,1,0.7880324756720342,0,0.487814457491393,1,0.9997798221277393,1,0.9547898008458128
2,2,10,6,0,0,0.0,0,0.0035444696457099007,0,0.285877914624735,0,0.0,0,0.0
0,0,4,2,0,0,0.0,0,0.002846797391449717,1,0.7776059361506158,0,0.0,0,0.0
0,1,13,1,0,0,0.0,0,0.005698989796070859,1,0.7696418045173322,0,0.0,0,0.0
0,3,16,2,0,0,0.0,0,0.004514424190450595,1,0.7029731999545159,0,0.0,0,0.0
2,1,6,0,0,0,0.0,0,0.002287936523785527,0,0.3934854175529348,0,0.0,0,0.0
1,1,20,4,0,0,0.5,1,0.8152347621488097,1,0.5585520377584661,1,0.9998354192244137,1,0.5119979187479187
2,1,9,3,0,0,0.0,0,0.0027884146553678094,0,0.35582168101479744,0,0.0,0,0.0
0,2,16,3,0,0,0.0,0,0.004634291840442951,1,0.7218109851699462,0,0.0,0,0.0
1,2,5,0,1,1,0.875,1,0.8006147034787537,1,0.560255772071614,1,0.9998369529550389,1,0.8774264214028143
2,2,16,4,0,0,0.0,0,0.003043566434198239,0,0.31714429705943925,0,0.0,0,0.0
1,0,5,0,0,1,0.9090909090909091,1,0.8149817623037702,1,0.6326735365739257,1,0.9998775815443866,1,0.910873402226858
1,2,12,3,0,0,0.0,1,0.8126913623649509,1,0.5254778827531248,1,0.9998183993765575,0,0.002857142857142857
2,3,14,5,0,0,0.0,0,0.002527259946113754,0,0.2715457113595162,0,0.0,0,0.0
1,1,22,3,0,1,0.9529411764705882,1,0.8800873207337943,1,0.5755186658152259,1,0.9998438894815684,1,0.9559366735496688
1,2,12,3,1,0,0.0,1,0.8126913623649509,1,0.5254778827531248,1,0.9998183993765575,0,0.002857142857142857
2,2,16,2,0,0,0.0,0,0.0026614638679591214,0,0.34313477714568796,0,0.0,0,0.0
3,3,18,2,0,0,0.0,0,0.00269594997754664,0,0.1651250816146991,0,0.0,0,0.0
3,1,10,6,0,0,0.0,0,0.0035444696457099007,0,0.16860599491183464,0,0.0,0,0.0
2,3,4,5,0,0,0.0,0,0.00206722276287762,0,0.2614498647393207,0,0.0,0,0.0
2,0,19,3,0,0,0.0,0,0.002298905675333675,0,0.4034423898326938,0,0.0,0,0.0
1,1,6,2,0,0,0.5,1,0.7544949280838414,1,0.5696800557413697,1,0.9998480820274993,0,0.49638944388944384
0,1,23,6,0,0,0.0,0,0.00033763611593509436,1,0.7239247407375577,0,0.0,0,0.0
0,1,14,4,0,0,0.0,0,0.004476539012890808,1,0.7379030991944588,0,0.0,0,0.0
1,1,22,5,0,0,0.0,1,0.9027669241290934,1,0.5465727243681591,1,0.9998224971246715,0,0.17945152293295982
2,0,22,1,0,0,0.0,0,0.004169371633260183,0,0.43583688917420366,0,0.0,0,0.0
3,0,0,0,0,0,0.0,0,0.00680577825603239,0,0.24163689704809072,0,0.0,0,0.0
3,1,11,6,0,0,0.0,0,0.0035444696457099007,0,0.16933128309126433,0,0.0,0,0.0
3,0,16,6,0,0,0.0,0,0.0029204176354365977,0,0.19563597339017266,0,0.0,0,0.0
2,2,2,4,0,0,0.0,0,0.0032197114053307938,0,0.3016949604783066,0,0.0,0,0.0
2,0,17,1,0,0,0.0,0,0.0026062958177235844,0,0.42949756220437674,0,0.0,0,0.0
3,0,11,2,0,0,0.0,0,0.002650435719549493,0,0.23067920648351772,0,0.0,0,0.0
1,0,8,3,0,0,0.0,1,0.8265544770243718,1,0.5945584820181571,1,0.9998606530333779,0,0.006666666666666666
1,2,19,0,0,0,0.0,1,0.8233797053422626,1,0.5779864591015532,1,0.999845054699989,0,0.015151515151515152
3,3,14,6,0,0,0.0,0,0.0016403907000210412,0,0.13280502242263306,0,0.0,0,0.0
2,3,17,2,0,0,0.0,0,0.0011353208705158725,0,0.3111085035765294,0,0.0,0,0.0
2,3,14,1,0,0,0.0,0,0.003015875460930723,0,0.3204614266619293,0,0.0,0,0.0
0,1,21,1,0,0,0.0,0,0.00571381666666785,1,0.7768861084964915,0,0.0,0,0.0
3,0,11,3,0,0,0.0,0,0.002650435719549493,0,0.22041225206958942,0,0.0,0,0.0
0,2,22,4,0,0,0.0,0,0.006054830807152106,1,0.7161956271640533,0,0.0,0,0.0
1,1,2,6,0,0,0.0,1,0.7450699063358676,1,0.5061853804234838,1,0.9997949037676755,0,0.046181818181818185
2,0,1,6,0,0,0.0,0,0.002888321252911749,0,0.3406334681159265,0,0.0,0,0.0
1,1,11,0,0,1,0.9736842105263158,1,0.8329178758183334,1,0.6044264104527491,1,0.9998669265085842,1,0.9726945073248969
0,3,6,2,0,0,0.0,0,0.0020775980247056585,1,0.6920763329014197,0,0.0,0,0.0
0,3,15,4,0,0,0.0,0,0.00448006559529978,1,0.6767246519545107,0,0.0,0,0.0
0,2,14,3,0,0,0.0,0,0.0040224314402968414,1,0.7197318941089282,0,0.0,0,0.0
1,1,11,0,0,1,0.9736842105263158,1,0.8329178758183334,1,0.6044264104527491,1,0.9998669265085842,1,0.9726945073248969
1,2,11,1,1,1,0.96,1,0.8201671914643036,1,0.5533970563826289,1,0.9998364019012012,1,0.9604110704265968
1,3,17,3,0,0,0.0,1,0.6241614970106972,0,0.49426880250304883,1,0.9997813530361661,0,0.005625
2,0,11,0,0,0,0.0,0,0.002851759155772853,0,0.43632092440119524,0,0.0,0,0.0
2,3,23,2,0,0,0.0,0,0.002078761190979088,0,0.3177891187356865,0,0.0,0,0.0
2,1,0,5,0,0,0.0,0,0.002302551531895008,0,0.3191667167466661,0,0.0,0,0.0
1,0,12,5,0,1,0.92,1,0.8795684290240389,1,0.5709999568963887,1,0.9998449657294497,1,0.9174661815446883
0,2,18,2,0,0,0.0,0,0.00344131587963755,1,0.7354745568341482,0,0.0,0,0.0
2,3,15,2,0,0,0.0,0,0.0023101839386355594,0,0.3088988211533448,0,0.0,0,0.0
1,0,13,1,1,1,0.7777777777777778,1,0.8796134906771986,1,0.6286056373356119,1,0.9998780589064177,1,0.7631709262959262
2,0,0,4,0,0,0.0,0,0.0029819466562406418,0,0.36631308798591644,0,0.0,0,0.0
1,0,7,0,0,1,0.961038961038961,1,0.8479242938666303,1,0.6350709936486526,1,0.999879772246374,1,0.9615048626688831
0,2,16,2,0,0,0.0,0,0.004510870684466529,1,0.7334598744147254,0,0.0,0,0.0
3,3,19,4,0,0,0.0,0,0.0031556952935699223,0,0.15020621429601339,0,0.0,0,0.0
0,1,19,6,0,0,0.0,0,0.0015198570483328999,1,0.7197764715518125,0,0.0,0,0.0
2,2,18,1,0,0,0.0,0,0.002880920842809889,0,0.35887747192015734,0,0.0,0,0.0
3,2,8,4,0,0,0.0,0,0.0032766572500240484,0,0.16259434732064665,0,0.0,0,0.0
1,2,0,1,0,0,0.0,1,0.7452570094739113,1,0.5393158072579264,1,0.999818426349989,0,0.14833593690184835
2,0,0,3,0,0,0.0,0,0.0023938684583757128,0,0.3800629536912583,0,0.0,0,0.0
2,1,17,3,0,0,0.0,0,0.0009916879115362475,0,0.3653485261431865,0,0.0,0,0.0
0,2,16,1,0,0,0.0,0,0.005680665223521433,1,0.7447934415501597,0,0.0,0,0.0
1,1,3,2,0,1,0.9746835443037974,1,0.8444904922223919,1,0.5658773575223469,1,0.9998432790903721,1,0.9759218116412288
3,2,6,2,0,0,0.0,0,0.0018607581756416912,0,0.17772909842293477,0,0.0,0,0.0
3,0,19,4,0,0,0.0,0,0.0028541615260859157,0,0.21742606975824105,0,0.0,0,0.0
3,0,12,0,0,0,0.0,0,0.00279891284752974,0,0.25317618822704036,0,0.0,0,0.0
1,0,10,5,0,0,0.0,1,0.8815413154676682,1,0.5684675946223867,1,0.9998435520908232,0,0.10847943722943723
1,1,14,1,0,0,0.25,1,0.8539579604919482,1,0.5940306207041864,1,0.999861883701968,0,0.27802723620465547
0,0,10,5,0,0,0.0,0,0.006261583291886438,1,0.7514580096347632,0,0.0,0,0.0
1,3,16,5,1,1,0.7857142857142857,1,0.8637390605348471,0,0.4636487131008365,1,0.9997514927372092,1,0.8027884728528822
3,3,23,2,0,0,0.0,0,0.002078761190979088,0,0.16871628565914917,0,0.0,0,0.0
1,1,21,3,0,1,0.9166666666666666,1,0.82736120468151,1,0.5742563322721324,1,0.9998446510364201,1,0.9126191536223913
3,3,22,3,0,0,0.0,0,0.002244021051747857,0,0.15993612552381514,0,0.0,0,0.0
2,3,2,0,0,0,0.0,0,0.0011344242670049583,0,0.3197656517756309,0,0.0,0,0.0
2,3,21,0,0,0,0.0,0,0.0037668007261157793,0,0.34147903612256575,0,0.0,0,0.0
1,2,14,1,0,0,0.25,1,0.8520478903867433,1,0.5572235363280105,1,0.9998379607851824,0,0.282845238095238
1,1,5,4,0,0,0.0,1,0.7873136005836667,1,0.5393707151158609,1,0.9998273488020606,0,0.21358443933697863
3,1,3,3,0,0,0.0,0,0.00328292834397987,0,0.18918125919820178,0,0.0,0,0.0
2,0,8,4,0,0,0.0,0,0.0034847799206895688,0,0.3759568932315974,0,0.0,0,0.0
3,3,16,2,0,0,0.0,0,0.0026622870177790948,0,0.1637058658020178,0,0.0,0,0.0
0,2,13,6,0,0,0.0,0,0.007354919772805497,1,0.6817032181302702,0,0.0,0,0.0
0,1,21,2,0,0,0.0,0,0.004186459954784286,1,0.7665309973739465,0,0.0,0,0.0
2,0,10,0,0,0,0.0,0,0.002851759155772853,0,0.4350509884866917,0,0.0,0,0.0
3,3,2,1,0,0,0.0,0,0.0010053279028462243,0,0.16186230755467823,0,0.0,0,0.0
1,2,13,2,0,1,0.6,1,0.8438066771008761,1,0.5413927121274508,1,0.9998289623830432,1,0.5873015873015874
0,3,17,1,0,0,0.0,0,0.0022333476391346962,1,0.7161507047265656,0,0.0,0,0.0
0,2,16,3,0,0,0.0,0,0.004634291840442951,1,0.7218109851699462,0,0.0,0,0.0
1,1,21,0,0,1,0.7,1,0.8639994504634084,1,0.6167071951472105,1,0.99986699116719,1,0.7019827351011558
3,0,13,5,0,0,0.0,0,0.004146925830506484,0,0.2025380543700391,0,0.0,0,0.0
2,2,4,3,0,0,0.0,0,0.0019404403201126557,0,0.31645237031487555,0,0.0,0,0.0
2,1,2,0,0,0,0.0,0,0.003434242006012318,0,0.3885656179579592,0,0.0,0,0.0
1,1,13,1,0,1,0.8666666666666667,1,0.8711805941559962,1,0.5927843862161681,1,0.999861566559291,0,0.23099706356520716
0,2,22,5,0,0,0.0,0,0.007506551044131445,1,0.7040966189262371,0,0.0,0,0.0
0,2,16,1,0,0,0.0,0,0.005680665223521433,1,0.7447934415501597,0,0.0,0,0.0
1,3,1,4,0,0,0.0,0,0.4299604711931623,0,0.45900357698936145,1,0.9997426298075065,0,0.0
2,3,23,4,0,0,0.0,0,0.0010229591694240103,0,0.2928624913884012,0,0.0,0,0.0
0,0,18,3,0,0,0.0,0,0.0034550331188376196,1,0.7799364929012759,0,0.0,0,0.0
2,3,11,5,0,0,0.0,0,0.0034976390129206037,0,0.2684914177598312,0,0.0,0,0.0
2,2,18,5,0,0,0.0,0,0.0029191616724595602,0,0.30674484010269826,0,0.0,0,0.0
2,1,4,4,0,0,0.0,0,0.002336362106307616,0,0.336672658804435,0,0.0,0,0.0
3,2,18,4,0,0,0.0,0,0.0026217415537150386,0,0.16975027922666575,0,0.0,0,0.0
1,1,12,3,1,1,0.92,1,0.8149992074088247,1,0.5628536395612757,1,0.9998452098258642,1,0.7152026789000472
0,0,22,2,0,0,0.0,0,0.0061660666017601925,1,0.7932687985639346,0,0.0,0,0.008421052631578947
2,2,10,1,0,0,0.0,0,0.0025978043371909375,0,0.3494264616883516,0,0.0,0,0.0
3,3,12,5,0,0,0.0,0,0.0034328650287224795,0,0.138485457066419,0,0.0,0,0.0
2,1,5,4,0,0,0.0,0,0.0022404583458090397,0,0.33782714555697313,0,0.0,0,0.0
3,3,13,6,0,0,0.0,0,0.003783300440429648,0,0.13221128419779662,0,0.0,0,0.0
0,0,22,5,0,0,0.0,0,0.009340374017608165,1,0.7628531531203558,0,0.0,0,0.0
1,0,14,4,0,0,0.0,1,0.8512966468195681,1,0.587841192864709,1,0.9998557631465537,0,0.009696969696969697
3,1,8,0,0,0,0.0,0,0.0027960380913133035,0,0.22215426824592868,0,0.0,0,0.0
1,0,15,0,0,1,0.9879518072289156,1,0.8718102656867326,1,0.644593025470357,1,0.9998840592980024,1,0.9891082319749523
0,2,2,6,0,0,0.0,0,0.003729563247531251,1,0.6692495641176156,0,0.0,0,0.0
3,3,17,1,0,0,0.0,0,0.0014826604943074548,0,0.1726504441521182,0,0.0,0,0.0
0,1,3,0,0,0,0.0,0,0.005142447379597974,1,0.7709040957814721,0,0.0,0,0.0
0,1,2,1,0,0,0.0,0,0.004580564007217821,1,0.7594145507248174,0,0.0,0,0.0
2,0,8,0,0,0,0.0,0,0.002851759155772853,0,0.432513688040686,0,0.0,0,0.0
3,0,22,3,0,0,0.0,0,0.0034751458484048535,0,0.23033008288541082,0,0.0,0,0.0
3,0,9,0,0,0,0.0,0,0.002851759155772853,0,0.2502575290866999,0,0.0,0,0.0
2,2,11,5,0,0,0.0,0,0.003593706440954914,0,0.2991102622037729,0,0.0,0,0.0
1,0,16,0,0,1,0.8,1,0.8832769257088051,1,0.645775451521688,1,0.9998841169763107,1,0.791601816746806
2,1,17,3,0,0,0.0,0,0.0009916879115362475,0,0.3653485261431865,0,0.0,0,0.0
0,1,11,3,0,0,0.0,0,0.004075243795079284,1,0.7461888413248362,0,0.0,0,0.0
1,1,22,2,1,0,0.0,1,0.8771959201266467,1,0.5898122305022535,1,0.9998525000455898,0,0.3165505681801461
1,0,15,4,0,1,0.9696969696969697,1,0.8512966468195681,1,0.5890920688988147,1,0.9998559642991744,1,0.9653619848578721
0,2,17,6,0,0,0.0,0,0.0013068771220539374,1,0.6861693596733274,0,0.0,0,0.0
1,3,21,5,0,1,0.9855072463768116,1,0.8657490469789325,0,0.47007677099643574,1,0.999748748938586,1,0.9850976904279833
0,2,3,6,0,0,0.0,0,0.004825573838789186,1,0.6703919049438191,0,0.0,0,0.0
1,1,7,0,0,1,0.6428571428571429,1,0.8376812416092486,1,0.5994760036659782,1,0.9998635115942344,1,0.6181054663001259
1,3,23,2,0,0,0.0,1,0.6533152003795522,1,0.5167065327811702,1,0.9997889734213695,0,0.01
1,0,0,1,0,1,0.84375,1,0.8780271191739768,1,0.6127987382558893,1,0.99986367082916,1,0.8448882529181921
0,3,9,2,0,0,0.0,0,0.004074434979536041,1,0.6953686875356164,0,0.0,0,0.0
1,2,14,4,0,1,0.926829268292683,1,0.8292999957424451,1,0.5133829799966788,1,0.999807894795777,1,0.9247784603584428
0,3,3,2,0,0,0.0,0,0.0016374947456608924,1,0.6887643218132297,0,0.0,0,0.0
3,3,20,3,0,0,0.0,0,0.002769851568416723,0,0.15855303800191559,0,0.0,0,0.0
0,0,0,0,0,0,0.0,0,0.010879861474924481,1,0.7939136331526795,0,0.0,0,0.0
0,1,17,1,0,0,0.0,0,0.0018272776086488832,1,0.7732844074671804,0,0.0,0,0.0
1,2,0,5,0,0,0.0,1,0.6138574101915861,0,0.4806212747181325,1,0.9997698889508905,0,0.04680555555555555
1,0,6,3,0,1,0.8709677419354839,1,0.7605997128307231,1,0.592065833721358,1,0.9998583685985588,1,0.8718927201087264
1,3,6,6,0,0,0.0,1,0.6597661839130122,0,0.43632270792542355,1,0.9997206314495255,0,0.05122668997668997
1,0,9,6,0,1,0.875,1,0.8435053270717935,1,0.5527160875318424,1,0.9998309328695285,1,0.8851451603951602
0,1,13,3,0,0,0.0,0,0.004975389201451945,1,0.7481403484205915,0,0.0,0,0.0
0,0,23,1,0,0,0.0,0,0.001695628530114502,1,0.8035597931310404,0,0.0,0,0.0
1,0,9,6,1,1,0.875,1,0.8435053270717935,1,0.5527160875318424,1,0.9998309328695285,1,0.8851451603951602
1,3,16,6,1,0,0.0,1,0.7294117938063327,0,0.4490653625285054,1,0.9997330256350048,0,0.07003325840825841
1,3,4,5,1,1,0.6,1,0.7504969810327001,0,0.4482745619180645,1,0.9997347420857824,1,0.6037601010101009
2,1,16,0,0,0,0.0,0,0.003343534569786076,0,0.4058778456402329,0,0.0,0,0.0
2,2,18,6,0,0,0.0,0,0.001054141977776677,0,0.29438788482928957,0,0.0,0,0.0
2,3,14,0,0,0,0.0,0,0.0032459076454807636,0,0.33339570785408834,0,0.0,0,0.0
2,3,21,5,0,0,0.0,0,0.004245556090076015,0,0.27875654440229447,0,0.0,0,0.0
1,1,2,2,0,0,0.0,1,0.8137965049319248,1,0.5646080430537522,1,0.999841359954993,0,0.2515453031249102
0,0,20,5,0,0,0.0,0,0.005208841071851556,1,0.7609792249434775,0,0.0,0,0.005714285714285714
0,1,18,3,0,0,0.0,0,0.003535577064409927,1,0.7529753992878675,0,0.0,0,0.0
0,3,1,4,0,0,0.0,0,0.0007935091459629257,1,0.66070716270251,0,0.0,0,0.0
1,2,13,2,0,1,0.6,1,0.8438066771008761,1,0.5413927121274508,1,0.9998289623830432,1,0.5873015873015874
0,1,8,1,0,0,0.0,0,0.0039093197942442455,1,0.7650311714289613,0,0.0,0,0.0
1,1,3,2,0,1,0.9746835443037974,1,0.8444904922223919,1,0.5658773575223469,1,0.9998432790903721,1,0.9759218116412288
3,2,11,4,0,0,0.0,0,0.003190991649452844,0,0.16471523696566898,0,0.0,0,0.0
2,3,23,1,0,0,0.0,0,0.0006438392278754804,0,0.3306680262680028,0,0.0,0,0.0
2,3,10,5,0,0,0.0,0,0.0034976390129206037,0,0.26747816570282246,0,0.0,0,0.0
0,3,5,3,0,0,0.0,0,0.0020775980247056585,1,0.6782832683769637,0,0.0,0,0.0
3,0,16,3,0,0,0.0,0,0.002773476816579632,0,0.22488198246320557,0,0.0,0,0.0
3,0,13,0,0,0,0.0,0,0.0036827130077643354,0,0.2541540595703696,0,0.0,0,0.0
1,2,12,0,0,1,0.8611111111111112,1,0.8281337723677152,1,0.5691432763079449,1,0.9998445140694451,1,0.8563776493680016
0,1,14,2,0,0,0.0,0,0.003915241345828782,1,0.7599981521224567,0,0.0,0,0.0
1,1,23,3,0,1,0.8275862068965517,1,0.7976595791583737,1,0.5767800149489721,1,0.9998429832609027,1,0.8190710636845983
2,2,12,1,0,0,0.0,0,0.0025496520645362534,0,0.35177848713958665,0,0.0,0,0.0
3,0,11,4,0,0,0.0,0,0.00339369164470883,0,0.21047723613210326,0,0.0,0,0.0
3,2,21,1,0,0,0.0,0,0.0036963231863430166,0,0.1985238821660454,0,0.0,0,0.0
0,1,12,2,0,0,0.0,0,0.0039998158841955895,1,0.7581088173413255,0,0.0,0,0.0
0,1,2,3,0,0,0.0,0,0.003968242118841472,1,0.7372843427711547,0,0.0,0,0.0
1,2,4,2,1,1,0.8888888888888888,1,0.7594210993691982,1,0.5298304812685625,1,0.9998181953568783,1,0.8781386783151487
1,3,5,6,0,0,0.3333333333333333,1,0.6597661839130122,0,0.435052770826372,1,0.9997179715381068,0,0.29371550671550667
2,1,7,2,0,0,0.0,0,0.0027536545176926395,0,0.3670041505672342,0,0.0,0,0.0
0,2,4,6,0,0,0.0,0,0.004205539696956025,1,0.6715322367731152,0,0.0,0,0.0
0,1,16,6,0,0,0.0,0,0.003964419740666303,1,0.7166404144418452,0,0.0,0,0.0
3,3,7,6,0,0,0.0,0,0.003113372352504658,0,0.12869596425978352,0,0.0,0,0.0
0,0,2,0,0,0,0.0,0,0.005275309734181195,1,0.795598709872593,0,0.0,0,0.0
1,1,10,3,0,0,0.0,1,0.8178107552156707,1,0.5603102188914704,1,0.999843798412618,0,0.20877777777777776
0,0,21,0,0,0,0.0,0,0.0054071892313655836,1,0.8110961834923027,0,0.0,0,0.0
0,2,20,0,0,0,0.0,0,0.004560702155044984,1,0.7595985925682525,0,0.0,0,0.0
0,0,19,3,0,0,0.0,0,0.0034550331188376196,1,0.7808217439306314,0,0.0,0,0.0
0,1,4,0,0,0,0.0,0,0.0034435089150828104,1,0.7718150511089732,0,0.0,0,0.0
1,2,17,1,0,1,0.7692307692307693,1,0.6790599716727097,1,0.5610432364338205,1,0.9998382024881232,1,0.7737121394687179
1,0,6,6,1,1,0.9090909090909091,1,0.8064484945789955,1,0.5488821901286113,1,0.9998269916991671,1,0.9025016336003171
2,0,23,2,0,0,0.0,0,0.0032590355224815966,0,0.42270088768744835,0,0.0,0,0.0
3,2,17,2,0,0,0.0,0,0.0009651830614956424,0,0.1861850146478599,0,0.0,0,0.0
3,1,19,4,0,0,0.0,0,0.002683600062736241,0,0.1928679994229212,0,0.0,0,0.0
2,3,22,2,0,0,0.0,0,0.0021841182621868634,0,0.3166703616672001,0,0.0,0,0.0
3,0,4,2,0,0,0.0,0,0.001893926122812537,0,0.2243252215211401,0,0.0,0,0.0
1,1,6,4,0,0,0.0,1,0.7873136005836667,1,0.5406537464817891,1,0.9998289773138076,0,0.013555555555555557
2,3,3,5,0,0,0.0,0,0.001712845162956947,0,0.2604537249513777,0,0.0,0,0.0
3,0,5,4,0,0,0.0,0,0.002382922363516019,0,0.2053734222710276,0,0.0,0,0.0
1,0,0,4,0,1,0.6666666666666666,1,0.8238305484560566,1,0.570216671427088,1,0.999838374505877,1,0.646833333333333
2,1,22,2,0,0,0.0,0,0.003465436245543213,0,0.38518146008161064,0,0.0,0,0.0
3,1,19,5,0,0,0.0,0,0.002988016617549009,0,0.1838816877275618,0,0.0,0,0.0
2,1,17,4,0,0,0.0,0,0.0011040225980875765,0,0.3518288834518015,0,0.0,0,0.0
1,2,9,4,0,0,0.0,1,0.8422107413155611,1,0.5069292262635303,1,0.9998039264722323,0,0.019791666666666666
1,3,7,3,0,0,0.0,1,0.7934524666361092,0,0.4813641733947579,1,0.999773247116496,0,0.018235294117647058
3,3,12,0,0,0,0.0,0,0.002469408877597692,0,0.17740937513461497,0,0.0,0,0.0
3,2,21,5,0,0,0.0,0,0.004010494062661889,0,0.1637361243012889,0,0.0,0,0.0
2,3,13,1,0,0,0.0,0,0.0034863540615325903,0,0.3193376655676373,0,0.0,0,0.0
3,3,9,1,0,0,0.0,0,0.0023376198816864426,0,0.16682755881588035,0,0.0,0,0.0
2,3,15,1,0,0,0.0,0,0.003015875460930723,0,0.3215872739342247,0,0.0,0,0.0
3,0,1,2,0,0,0.0,0,0.003385454343112509,0,0.2216404534775329,0,0.0,0,0.0
0,0,19,0,0,0,0.0,0,0.004102015772149761,1,0.8095082774093175,0,0.0,0,0.0
2,1,4,1,0,0,0.0,0,0.002027838094734254,0,0.3771175792661627,0,0.0,0,0.0
1,2,13,0,0,1,0.9354838709677419,1,0.8776046787297362,1,0.5704094289985725,1,0.9998450095119213,1,0.9329435715210873
3,3,20,5,0,0,0.0,0,0.0035134757280293805,0,0.1434894683616531,0,0.0,0,0.0
1,0,20,5,1,1,0.5555555555555556,1,0.8601542698529613,1,0.5810910251939679,1,0.9998450259942955,1,0.5521630175380176
0,3,23,0,0,0,0.0,0,0.003838900055628568,1,0.7340412472390281,0,0.0,0,0.0
3,0,14,6,0,0,0.0,0,0.0018483151487849734,0,0.19401546318363705,0,0.0,0,0.0
1,2,14,3,0,0,0.0,1,0.813551567623819,1,0.5280530793186444,1,0.9998193927090201,0,0.027225885225885225
0,3,8,3,0,0,0.0,0,0.004074434979536041,1,0.6816552628044057,0,0.0,0,0.0
2,2,11,1,0,0,0.0,0,0.0025978043371909375,0,0.35060156691793176,0,0.0,0,0.0
3,1,3,1,0,0,0.0,0,0.003030088457646907,0,0.20787738621925064,0,0.0,0,0.0
3,2,4,2,0,0,0.0,0,0.0019404403201126557,0,0.1762244196403634,0,0.0,0,0.0
0,2,17,5,0,0,0.0,0,0.001846601130794272,1,0.6986876960776792,0,0.0,0,0.0
1,3,20,3,0,1,0.75,1,0.7979689927180776,0,0.4981424644592892,1,0.9997799077096,1,0.7508421327984018
2,2,7,6,0,0,0.0,0,0.0035942575211146293,0,0.2827249817939253,0,0.0,0,0.0
1,1,11,2,0,1,0.9117647058823529,1,0.8178107552156707,1,0.5759994463845328,1,0.9998531482493507,1,0.9020878640268777
2,1,16,2,0,0,0.0,0,0.0026614638679591214,0,0.37786882421675283,0,0.0,0,0.0
3,2,13,4,0,0,0.0,0,0.0032678581702810868,0,0.16614146490569928,0,0.0,0,0.0
1,1,5,6,0,1,0.8888888888888888,1,0.7720861333495321,1,0.510058243315246,1,0.9998017237775159,1,0.883278810242045
3,0,15,3,0,0,0.0,0,0.0023159476972387538,0,0.22398291463796158,0,0.0,0,0.0
2,1,4,0,0,0,0.0,0,0.002287936523785527,0,0.3910227484743589,0,0.0,0,0.0
1,0,7,6,0,1,0.8695652173913043,1,0.841837647443366,1,0.5501608238280885,1,0.9998284696208409,1,0.8771671333056588
2,3,5,0,0,0,0.0,0,0.002062474982751458,0,0.32314556197483874,0,0.0,0,0.009230769230769232
2,0,17,6,0,0,0.0,0,0.0022029188782325395,0,0.35943223514571765,0,0.0,0,0.0
0,2,14,2,0,0,0.0,0,0.003915241345828782,1,0.7314354508219486,0,0.0,0,0.0
0,3,12,3,0,0,0.0,0,0.0038945445190586123,1,0.6861217674112755,0,0.0,0,0.0
0,1,7,4,0,0,0.0,0,0.004854890656775991,1,0.7308504704484123,0,0.0,0,0.0
1,2,4,2,0,1,0.8888888888888888,1,0.7594210993691982,1,0.5298304812685625,1,0.9998181953568783,1,0.8781386783151487
1,2,6,6,0,0,0.0,1,0.7693944299707163,0,0.47368730862906466,1,0.9997695770756516,0,0.4330285744169645
0,1,18,6,0,0,0.0,0,0.0014847835418254237,1,0.7187334766085497,0,0.0,0,0.0
1,0,22,6,0,1,0.8333333333333334,1,0.6537968513563635,1,0.5692516597693269,1,0.99983202295476,1,0.8331946827682114
1,1,23,0,0,1,0.918918918918919,1,0.8109857930209746,1,0.6191461298592521,1,0.999865563195741,1,0.9148361926940471
2,2,16,4,0,0,0.0,0,0.003043566434198239,0,0.31714429705943925,0,0.0,0,0.0
1,1,16,4,0,0,0.0,1,0.8504479890928008,1,0.553451675555047,1,0.9998365655209303,0,0.07591083916083917
1,2,17,4,0,0,0.0,1,0.6409236694973672,1,0.51725322905382,1,0.9998081813375175,0,0.019177489177489175
2,1,22,5,0,0,0.0,0,0.004422183165234451,0,0.3443498154858462,0,0.0,0,0.0
3,1,12,2,0,0,0.0,0,0.00266515136000269,0,0.20585949993493052,0,0.0,0,0.0
1,3,7,5,0,1,0.9090909090909091,1,0.8381351503930241,0,0.452110004929252,1,0.9997421768915347,1,0.9118919340893022
3,1,17,1,0,0,0.0,0,0.0012133462382426753,0,0.2200362916677414,0,0.0,0,0.0
1,3,9,6,0,0,0.3333333333333333,1,0.7669081204045797,0,0.4401374685293577,1,0.9997269948701625,0,0.30712301587301577
2,2,2,6,0,0,0.0,0,0.002562322276806422,0,0.27751719299525013,0,0.0,0,0.0
3,1,0,3,0,0,0.0,0,0.0018182131250912626,0,0.18681580005195228,0,0.0,0,0.0
1,3,18,3,1,0,0.0,1,0.7979689927180776,0,0.49555996967198346,1,0.9997810689877288,0,0.0
0,3,3,2,0,0,0.0,0,0.0016374947456608924,1,0.6887643218132297,0,0.0,0,0.0
0,2,4,2,0,0,0.0,0,0.002913203558350614,1,0.7211685939366024,0,0.0,0,0.0
1,3,17,5,0,0,0.0,1,0.6769702799477365,0,0.46493342755588235,1,0.9997513932276074,0,0.12667163718634308
0,3,19,4,0,0,0.0,0,0.004736749654734491,1,0.681227984123048,0,0.0,0,0.0
2,3,2,2,0,0,0.0,0,0.00045348776126829946,0,0.2947509729390295,0,0.0,0,0.0
2,3,14,5,0,0,0.0,0,0.002527259946113754,0,0.2715457113595162,0,0.0,0,0.0
0,3,3,6,0,0,0.0,0,0.0023073800968477715,1,0.6362689012537718,0,0.0,0,0.0
3,0,16,2,0,0,0.0,0,0.0026994787633651002,0,0.23529430036361498,0,0.0,0,0.0
2,1,23,1,0,0,0.0,0,0.0009372925947862563,0,0.40043286281427753,0,0.0,0,0.0
0,0,3,2,0,0,0.0,0,0.004813887246009494,1,0.7767114108914183,0,0.0,0,0.0
3,0,22,3,0,0,0.0,0,0.0034751458484048535,0,0.23033008288541082,0,0.0,0,0.0
1,1,2,1,0,1,0.9565217391304348,1,0.8444668815483272,1,0.579000247891363,1,0.9998493611102955,1,0.9557098874511318
0,0,23,5,0,0,0.0,0,0.0004430991210918267,1,0.763786312310341,0,0.0,0,0.0
3,0,14,2,0,0,0.0,0,0.002254129206973528,0,0.2334406255386447,0,0.0,0,0.0
3,2,15,2,0,0,0.0,0,0.0023094694031143784,0,0.18462482081931916,0,0.0,0,0.0
2,2,23,3,0,0,0.0,0,0.003430431514444526,0,0.3380525791809421,0,0.0,0,0.0
3,1,9,2,0,0,0.0,0,0.0027884146553678094,0,0.20333779926794593,0,0.0,0,0.0
3,3,21,3,0,0,0.0,0,0.002952098304837831,0,0.15924336459448293,0,0.0,0,0.0
1,3,23,3,0,1,0.8888888888888888,1,0.6594312931074882,1,0.5020163494138286,1,0.9997766552095767,1,0.884923799884326
3,0,3,6,0,0,0.0,0,0.0040092867716635845,0,0.18528488216958228,0,0.0,0,0.0
0,2,4,4,0,0,0.0,0,0.0035069077163760584,1,0.696924360320084,0,0.0,0,0.0
3,2,14,1,0,0,0.0,0,0.002902264851643033,0,0.19283359873881786,0,0.0,0,0.0
2,3,3,3,0,0,0.0,0,0.0010905343098153641,0,0.2837287013055947,0,0.0,0,0.0
3,3,17,3,0,0,0.0,0,0.0011664924122351237,0,0.15649662756519206,0,0.0,0,0.0
0,3,8,5,0,0,0.0,0,0.0053897942791801745,1,0.6556160196129237,0,0.0,0,0.0
2,0,20,3,0,0,0.0,0,0.002298905675333675,0,0.40468615172159383,0,0.0,0,0.0
0,0,14,6,0,0,0.0,0,0.003031031131879263,1,0.7442694484324479,0,0.0,0,0.0
2,3,0,5,0,0,0.0,0,0.0004209182804098978,0,0.25748009390598264,0,0.0,0,0.0
2,2,9,3,0,0,0.0,0,0.0027884146553678094,0,0.32206509977127296,0,0.0,0,0.0
1,1,0,1,1,0,0.0,1,0.8231521629252627,1,0.5764800831349881,1,0.9998452328177131,0,0.017944444444444443
2,3,22,6,0,0,0.0,0,0.0007240828394582986,0,0.2681050103677599,0,0.0,0,0.0
1,1,6,5,0,0,0.0,1,0.8276794730107826,1,0.5260237584975426,1,0.9998171806031816,0,0.0
0,3,21,3,0,0,0.0,0,0.004554668939982876,1,0.6960454660768659,0,0.0,0,0.0
1,2,18,5,0,0,0.0,1,0.8279244197365742,1,0.503854912979431,1,0.9997946840800543,0,0.15950898856045914
0,1,0,5,0,0,0.0,0,0.0030958831543142088,1,0.7117707625968089,0,0.0,0,0.0
0,0,1,4,0,0,0.0,0,0.006188672630353353,1,0.7537479174168861,0,0.0,0,0.0
0,3,3,4,0,0,0.0,0,0.001971726513557097,1,0.6630191054766104,0,0.0,0,0.0
3,3,0,6,0,0,0.0,0,0.0003693424352134848,0,0.12469576133286359,0,0.0,0,0.0
3,1,14,6,0,0,0.0,0,0.0016398829897669735,0,0.171522050253807,0,0.0,0,0.0
2,0,3,6,0,0,0.0,0,0.0040092867716635845,0,0.3429575079073263,0,0.0,0,0.0
0,2,11,1,0,0,0.0,0,0.0039093197942442455,1,0.7398535732504402,0,0.0,0,0.0
1,0,10,5,0,0,0.0,1,0.8815413154676682,1,0.5684675946223867,1,0.9998435520908232,0,0.10847943722943723
2,0,14,3,0,0,0.0,0,0.0023159476972387538,0,0.3972424734600588,0,0.0,0,0.0
1,0,0,1,0,1,0.84375,1,0.8780271191739768,1,0.6127987382558893,1,0.99986367082916,1,0.8448882529181921
0,2,20,6,0,0,0.0,0,0.0015198570483328999,1,0.6894965361728005,0,0.0,0,0.0
2,1,2,6,0,0,0.0,0,0.002562322276806422,0,0.3087309258436234,0,0.0,0,0.0
0,0,9,3,0,0,0.0,0,0.004089280956494191,1,0.7718539704936273,0,0.0,0,0.005
0,3,14,0,0,0,0.0,0,0.005516542409771917,1,0.7248677108709182,0,0.0,0,0.0
3,3,11,4,0,0,0.0,0,0.00310565609131899,0,0.14500762167901826,0,0.0,0,0.0
3,1,7,2,0,0,0.0,0,0.0027536545176926395,0,0.20166948757868214,0,0.0,0,0.0
3,2,5,0,0,0,0.0,0,0.002287936523785527,0,0.1947551149122055,0,0.0,0,0.0
0,2,21,3,0,0,0.0,0,0.004301043314332266,1,0.7269670260346883,0,0.0,0,0.0
1,1,10,6,0,1,1.0,1,0.8101520134884411,1,0.5165101033582711,1,0.9998091942626924,1,1.0
3,2,6,2,0,0,0.0,0,0.0018607581756416912,0,0.17772909842293477,0,0.0,0,0.0
1,0,8,2,0,1,1.0,1,0.8265544770243718,1,0.6086468862325104,1,0.9998683390944884,1,1.0
2,2,3,3,0,0,0.0,0,0.00328292834397987,0,0.31533614397523213,0,0.0,0,0.0
0,0,4,0,0,0,0.0,0,0.0035162346210016624,1,0.797273526723226,0,0.0,0,0.0
3,2,3,5,0,0,0.0,0,0.003189023879890904,0,0.15140010473392831,0,0.0,0,0.0
1,3,22,3,0,0,0.0,1,0.7940448824361943,1,0.5007250583591535,1,0.9997779441569619,0,0.01
2,1,15,1,0,0,0.0,0,0.002902264851643033,0,0.3905541472772288,0,0.0,0,0.0
3,2,23,6,0,0,0.0,0,0.0003206063067574959,0,0.15720895218474903,0,0.0,0,0.0
3,0,17,5,0,0,0.0,0,0.00291803995654948,0,0.20589563162740485,0,0.0,0,0.0
1,0,21,0,0,0,0.0,1,0.8728338254507153,1,0.6516606595779704,1,0.9998828373262809,0,0.022554112554112552
2,2,7,3,0,0,0.0,0,0.0027536545176926395,0,0.31981372458274626,0,0.0,0,0.0
1,3,2,3,1,0,0.0,0,0.38037500000075836,0,0.4749200948733643,1,0.9997611744987552,0,0.028055555555555552
0,3,17,2,0,0,0.0,0,0.0017058671954975203,1,0.7040505727479923,0,0.0,0,0.0
1,1,17,4,1,0,0.0,1,0.6444219024393135,1,0.5547278644382205,1,0.9998365000713968,0,0.0375
0,0,5,3,0,0,0.0,0,0.0027299984497011014,1,0.7681952743558091,0,0.0,0,0.0
3,0,17,5,0,0,0.0,0,0.00291803995654948,0,0.20589563162740485,0,0.0,0,0.0
3,1,18,4,0,0,0.0,0,0.0026217415537150386,0,0.19206520749297654,0,0.0,0,0.0
1,3,21,2,0,1,0.9032258064516129,1,0.8107137313389553,1,0.5141263907810133,1,0.9997912147502483,1,0.909433053535334
0,1,17,1,0,0,0.0,0,0.0018272776086488832,1,0.7732844074671804,0,0.0,0,0.0
0,2,1,3,0,0,0.0,0,0.0052664612911401225,1,0.7059894058918122,0,0.0,0,0.0
3,2,20,2,0,0,0.0,0,0.0022924749425365038,0,0.18854433865737152,0,0.0,0,0.0
0,2,14,5,0,0,0.0,0,0.004282488900459022,1,0.6954155001326976,0,0.0,0,0.0
2,0,6,6,0,0,0.0,0,0.003173269823378103,0,0.34645770165948253,0,0.0,0,0.0
2,1,10,0,0,0,0.0,0,0.0027960380913133035,0,0.3984269179317512,0,0.0,0,0.0
1,2,3,0,1,0,0.0,1,0.8572806322046238,1,0.5577091137808452,1,0.999833384777848,0,0.2565700835999058
2,2,11,2,0,0,0.0,0,0.002715478993271475,0,0.3373375709663543,0,0.0,0,0.0
2,1,13,0,0,0,0.0,0,0.0036108145714165633,0,0.40214673299003134,0,0.0,0,0.0
1,3,19,6,0,0,0.25,1,0.5466780876478399,0,0.452902017463479,1,0.9997319838390918,0,0.24335714285714283
3,2,21,1,0,0,0.0,0,0.0036963231863430166,0,0.1985238821660454,0,0.0,0,0.0
3,3,22,2,0,0,0.0,0,0.0021841182621868634,0,0.1679930989334841,0,0.0,0,0.0
0,0,19,0,0,0,0.0,0,0.004102015772149761,1,0.8095082774093175,0,0.0,0,0.0
2,2,15,3,0,0,0.0,0,0.00237280196433825,0,0.3288686736798797,0,0.0,0,0.0
3,0,5,6,0,0,0.0,0,0.003173269823378103,0,0.1868493757005225,0,0.0,0,0.0
1,1,11,0,0,1,0.9736842105263158,1,0.8329178758183334,1,0.6044264104527491,1,0.9998669265085842,1,0.9726945073248969
0,0,6,1,0,0,0.0,0,0.003116936382524564,1,0.7893289103689713,0,0.0,0,0.0
3,3,23,5,0,0,0.0,0,0.0004838351201338823,0,0.14540442408189244,0,0.0,0,0.0
3,0,22,5,0,0,0.0,0,0.0049824859410436545,0,0.2101503354596498,0,0.0,0,0.0
2,2,19,5,0,0,0.0,0,0.002988016617549009,0,0.30784432882662516,0,0.0,0,0.0
0,1,4,3,0,0,0.0,0,0.002913203558350614,1,0.739280393111983,0,0.0,0,0.0
1,3,6,6,0,0,0.0,1,0.6597661839130122,0,0.43632270792542355,1,0.9997206314495255,0,0.05122668997668997
2,0,3,6,0,0,0.0,0,0.0040092867716635845,0,0.3429575079073263,0,0.0,0,0.0
1,1,21,0,0,1,0.7,1,0.8639994504634084,1,0.6167071951472105,1,0.99986699116719,1,0.7019827351011558
0,3,12,1,0,0,0.0,0,0.0034545174903917726,1,0.7108716425841788,0,0.0,0,0.0
0,1,12,0,0,0,0.0,0,0.004129350435914024,1,0.7790106347077868,0,0.0,0,0.0
2,3,22,6,0,0,0.0,0,0.0007240828394582986,0,0.2681050103677599,0,0.0,0,0.0
0,3,5,4,0,0,0.0,0,0.0025014349297035037,1,0.6653232745359681,0,0.0,0,0.0
0,0,16,0,0,0,0.0,0,0.006025452941667017,1,0.8071073144411133,0,0.0,0,0.0
1,3,14,4,1,1,0.8,1,0.810575684823818,0,0.4757173711431102,1,0.9997670865886268,1,0.7968214255902335
2,3,2,2,0,0,0.0,0,0.00045348776126829946,0,0.2947509729390295,0,0.0,0,0.0
2,2,21,4,0,0,0.0,0,0.0030326123815423837,0,0.3227635039724437,0,0.0,0,0.0
1,3,11,3,0,1,0.7333333333333333,1,0.7911488282172019,0,0.4865240070737305,1,0.9997789199318179,1,0.7297099460230768
2,1,18,4,0,0,0.0,0,0.0026217415537150386,0,0.3530076840428123,0,0.0,0,0.0
2,0,18,0,0,0,0.0,0,0.0027226843550891724,0,0.44523296778203464,0,0.0,0,0.0
0,0,3,1,0,0,0.0,0,0.004655505082623529,1,0.7867406105649718,0,0.0,0,0.0
3,2,10,0,0,0,0.0,0,0.0027960380913133035,0,0.19883725011703493,0,0.0,0,0.0
2,2,9,4,0,0,0.0,0,0.0032766572500240484,0,0.30936639126571847,0,0.0,0,0.0
1,0,4,5,0,1,0.8333333333333334,1,0.851850287129446,1,0.5608495117832588,1,0.9998357310644385,1,0.8272395824419815
2,2,4,3,0,0,0.0,0,0.0019404403201126557,0,0.31645237031487555,0,0.0,0,0.0
0,1,10,5,0,0,0.0,0,0.005390862793145601,1,0.7222503848497395,0,0.0,0,0.0
1,0,10,2,0,1,0.7272727272727273,1,0.8227110680396427,1,0.6111047669956351,1,0.9998699965998333,1,0.7156584685168218
3,2,20,6,0,0,0.0,0,0.0010790538769584355,0,0.1551667596970802,0,0.0,0,0.0
0,3,11,1,0,0,0.0,0,0.0035196985872376456,1,0.7098088663335042,0,0.0,0,0.0
2,0,17,6,0,0,0.0,0,0.0022029188782325395,0,0.35943223514571765,0,0.0,0,0.0
3,3,3,4,0,0,0.0,0,0.0013132719316282563,0,0.13995931806508166,0,0.0,0,0.0
3,0,4,6,0,0,0.0,0,0.0030888441314029375,0,0.18606586049777665,0,0.0,0,0.0
0,2,21,3,0,0,0.0,0,0.004301043314332266,1,0.7269670260346883,0,0.0,0,0.0
1,3,3,4,0,0,0.0,1,0.6523459613552871,0,0.46156988158400286,1,0.9997490440134019,0,0.07603823953823953
3,1,16,3,0,0,0.0,0,0.0027344227148415655,0,0.19969667006538214,0,0.0,0,0.0
0,3,18,5,0,0,0.0,0,0.005151602131169083,1,0.6671826673789768,0,0.0,0,0.0
2,3,12,3,0,0,0.0,0,0.0025938415699623507,0,0.2932702828947847,0,0.0,0,0.0
3,1,19,1,0,0,0.0,0,0.002880920842809889,0,0.22181432678505875,0,0.0,0,0.0
3,2,10,6,0,0,0.0,0,0.0035444696457099007,0,0.148515633573348,0,0.0,0,0.0
1,3,16,2,0,1,0.8095238095238095,1,0.8117512365881118,1,0.5076730414270554,1,0.9997934948948382,1,0.7954528793170803
0,3,7,5,0,0,0.0,0,0.0053227786592555905,1,0.6544488649962409,0,0.0,0,0.0
1,0,7,5,1,1,0.975609756097561,1,0.8829953737542375,1,0.5646623697225852,1,0.9998403357434118,1,0.9750743798052826
2,0,20,5,0,0,0.0,0,0.0033672211304382575,0,0.37670722436827364,0,0.0,0,0.0
1,0,14,0,0,1,0.9310344827586207,1,0.8718102656867326,1,0.6434088319065894,1,0.9998838973768109,1,0.9390645314642214
3,1,10,2,0,0,0.0,0,0.002715478993271475,0,0.20417580114549191,0,0.0,0,0.0
3,2,21,5,0,0,0.0,0,0.004010494062661889,0,0.1637361243012889,0,0.0,0,0.0
1,0,19,6,1,0,0.0,1,0.5924650282394661,1,0.5654480635830862,1,0.9998340227629355,0,0.01
3,2,12,6,0,0,0.0,0,0.0034788314165432196,0,0.14982675342460802,0,0.0,0,0.0
3,3,15,2,0,0,0.0,0,0.0023101839386355594,0,0.1629999445780115,0,0.0,0,0.0
1,0,21,1,0,1,0.875,1,0.8810791535988328,1,0.6382002605922324,1,0.9998772274701735,1,0.8802969053577968
3,1,13,2,0,0,0.0,0,0.0029359995918748767,0,0.20670519783898797,0,0.0,0,0.0
2,1,23,1,0,0,0.0,0,0.0009372925947862563,0,0.40043286281427753,0,0.0,0,0.0
2,2,16,3,0,0,0.0,0,0.0027344227148415655,0,0.33000971335448515,0,0.0,0,0.0
1,0,14,6,1,0,0.0,1,0.7151977716181304,1,0.5590917901920643,1,0.9998343547023371,0,0.07864244089244089
2,2,5,4,0,0,0.0,0,0.0022404583458090397,0,0.3049694981380173,0,0.0,0,0.0
3,2,9,3,0,0,0.0,0,0.0027884146553678094,0,0.17149064797234187,0,0.0,0,0.0
2,1,21,6,0,0,0.0,0,0.0008169178764321072,0,0.33005857896843493,0,0.0,0,0.0
1,3,9,5,1,1,0.8918918918918919,1,0.8398344419795365,0,0.4546701593838967,1,0.9997458790252983,1,0.8884312424642674
3,2,15,5,0,0,0.0,0,0.0025264784394177604,0,0.15953669891750957,0,0.0,0,0.0
0,1,23,4,0,0,0.0,0,0.0017692173611028833,1,0.746793828072208,0,0.0,0,0.0
2,1,3,0,0,0,0.0,0,0.0034182991062604133,0,0.3897934838700271,0,0.0,0,0.0
2,1,2,6,0,0,0.0,0,0.002562322276806422,0,0.3087309258436234,0,0.0,0,0.0
1,0,11,6,0,1,0.6,1,0.8399648089877834,1,0.5552685696897433,1,0.9998327611321566,1,0.6087730880230878
2,0,6,4,0,0,0.0,0,0.002382922363516019,0,0.37353636437732607,0,0.0,0,0.0
1,1,7,3,0,1,0.8571428571428571,1,0.8198872620114075,1,0.55648918254946,1,0.9998405871284262,1,0.8794072316572314
3,2,22,5,0,0,0.0,0,0.0041252046197832164,0,0.16444460738440805,0,0.0,0,0.0
3,2,5,3,0,0,0.0,0,0.0018607581756416912,0,0.16857501787232684,0,0.0,0,0.0
1,2,2,5,0,1,0.75,1,0.8031969861913293,0,0.48320049163765494,1,0.9997760265315281,1,0.8073888888888888
0,3,2,6,0,0,0.0,0,0.0008734703894511575,1,0.6350726742747179,0,0.0,0,0.0
2,1,0,1,0,0,0.0,0,0.0028421869122667418,0,0.3722768158194587,0,0.0,0,0.0
2,0,23,3,0,0,0.0,0,0.003348320635994962,0,0.40842472952860603,0,0.0,0,0.0
0,3,18,1,0,0,0.0,0,0.005295339141895953,1,0.7171995086790441,0,0.0,0,0.0
2,0,21,1,0,0,0.0,0,0.003769917825689317,0,0.4345672759506279,0,0.0,0,0.0
0,0,20,0,0,0,0.0,0,0.004656912333832439,1,0.8103035029812172,0,0.0,0,0.0
0,1,21,6,0,0,0.0,0,0.0011510044766763526,1,0.7218553597227726,0,0.0,0,0.0
1,3,20,0,0,1,1.0,1,0.8507306629653635,1,0.5421314957435079,1,0.9998115565718364,1,1.0
3,0,12,3,0,0,0.0,0,0.002601310428676399,0,0.22130107456857162,0,0.0,0,0.0
3,3,4,4,0,0,0.0,0,0.0017377534328285847,0,0.14058221455975706,0,0.0,0,0.0
2,0,1,1,0,0,0.0,0,0.0068453484650243005,0,0.409376213885577,0,0.0,0,0.0
2,0,1,1,0,0,0.0,0,0.0068453484650243005,0,0.409376213885577,0,0.0,0,0.0
1,1,0,0,0,0,0.0,1,0.8744373992789425,1,0.5907642941480407,1,0.9998523043923687,0,0.1447772911234617
3,1,15,5,0,0,0.0,0,0.0025264784394177604,0,0.18080136218805173,0,0.0,0,0.0
2,1,11,3,0,0,0.0,0,0.002715478993271475,0,0.3581930525762806,0,0.0,0,0.0
2,0,17,6,0,0,0.0,0,0.0022029188782325395,0,0.35943223514571765,0,0.0,0,0.0
1,3,20,5,0,1,0.75,1,0.8361236595939782,0,0.4687902961402408,1,0.9997497499066678,1,0.7344249692123733
0,0,5,4,0,0,0.0,0,0.003687973854070754,1,0.7575626789724332,0,0.0,0,0.0
2,2,18,1,0,0,0.0,0,0.002880920842809889,0,0.35887747192015734,0,0.0,0,0.0
1,2,4,3,0,0,0.0,1,0.7594210993691982,1,0.5151649037582138,1,0.9998075825829283,0,0.008125
0,1,19,4,0,0,0.0,0,0.004027656482241457,1,0.7428671325518322,0,0.0,0,0.0
3,2,19,3,0,0,0.0,0,0.002355342565024331,0,0.1789544431777129,0,0.0,0,0.0
2,1,11,6,0,0,0.0,0,0.0035444696457099007,0,0.31873915655048707,0,0.0,0,0.0
3,3,20,0,0,0,0.0,0,0.00370248447668446,0,0.18352024998371577,0,0.0,0,0.0
1,0,11,0,1,0,0.0,1,0.8434053263499203,1,0.6398457652100533,1,0.9998827803699486,0,0.05355751058976866
2,1,3,5,0,0,0.0,0,0.003189023879890904,0,0.3225432980318398,0,0.0,0,0.0
0,3,18,2,0,0,0.0,0,0.004047599777453387,1,0.705125676914956,0,0.0,0,0.0
1,2,22,3,0,1,1.0,1,0.8708176747522736,1,0.5383375868850462,1,0.9998168503837724,1,1.0
0,3,17,3,0,0,0.0,0,0.0017526762566105862,1,0.6916567142946578,0,0.0,0,0.0
1,2,15,2,0,1,1.0,1,0.8094032667577234,1,0.5439564963181598,1,0.9998295921834099,1,0.9340265090946204
0,0,6,3,0,0,0.0,0,0.0027299984497011014,1,0.769113774833863,0,0.0,0,0.0
2,0,7,1,0,0,0.0,0,0.0026165513364910143,0,0.41689000336084986,0,0.0,0,0.0
1,0,17,4,0,1,0.6666666666666666,1,0.8160277473622399,1,0.5915903537423047,1,0.9998559782987407,1,0.6745800865800863
0,0,18,1,0,0,0.0,0,0.004426421917422913,1,0.7994511344005202,0,0.0,0,0.0
0,3,10,0,0,0,0.0,0,0.0037880132519599284,1,0.7207281446068466,0,0.0,0,0.0
0,1,6,2,0,0,0.0,0,0.0027936877250295793,1,0.7523802849187244,0,0.0,0,0.0
3,2,8,1,0,0,0.0,0,0.0025978043371909375,0,0.18805571537682564,0,0.0,0,0.0
2,2,12,4,0,0,0.0,0,0.00313187872554911,0,0.3126869090955054,0,0.0,0,0.0
3,2,17,2,0,0,0.0,0,0.0009651830614956424,0,0.1861850146478599,0,0.0,0,0.0
0,2,12,5,0,0,0.0,0,0.005291213712049208,1,0.693222980272567,0,0.0,0,0.0
3,2,9,2,0,0,0.0,0,0.0027884146553678094,0,0.18000497039382315,0,0.0,0,0.0
2,2,13,5,0,0,0.0,0,0.0036802379815610658,0,0.30128044839470847,0,0.0,0,0.0
0,0,7,2,0,0,0.0,0,0.004038370002499996,1,0.7802741388060628,0,0.0,0,0.0
2,1,8,5,0,0,0.0,0,0.0036901433299480996,0,0.3282121864342838,0,0.0,0,0.0
0,1,7,1,0,0,0.0,0,0.0038606406453386257,1,0.7641014111560869,0,0.0,0,0.0
3,0,15,4,0,0,0.0,0,0.0028090428174026927,0,0.21393111841749676,0,0.0,0,0.0
2,3,12,2,0,0,0.0,0,0.0025938415699623507,0,0.30560064408008863,0,0.0,0,0.0
0,1,15,4,0,0,0.0,0,0.004476539012890808,1,0.7389008326918635,0,0.0,0,0.0
0,1,12,0,0,0,0.0,0,0.004129350435914024,1,0.7790106347077868,0,0.0,0,0.0
1,3,13,3,0,0,0.0,1,0.8263404061202322,0,0.48910507036297596,1,0.9997805236602465,0,0.05793028322440088
1,3,3,6,0,0,0.0,1,0.6098773934866201,0,0.4325154679436164,1,0.9997118002815167,0,0.10531208252531783
2,2,3,4,0,0,0.0,0,0.0039516829340067155,0,0.30278425413465926,0,0.0,0,0.0
2,2,13,4,0,0,0.0,0,0.0032678581702810868,0,0.3137980557316578,0,0.0,0,0.0
3,2,0,6,0,0,0.0,0,0.0011197750790556394,0,0.1421016503676377,0,0.0,0,0.0
1,2,18,1,0,1,0.96875,1,0.8342225678556258,1,0.5623148871444488,1,0.9998379922819246,1,0.9716791871465605
0,0,6,6,0,0,0.0,0,0.005019042090535346,1,0.7363255462326623,0,0.0,0,0.0
3,2,1,6,0,0,0.0,0,0.002415687713879554,0,0.14273249906966531,0,0.0,0,0.0
0,1,10,5,0,0,0.0,0,0.005390862793145601,1,0.7222503848497395,0,0.0,0,0.0
2,1,15,2,0,0,0.0,0,0.0023094694031143784,0,0.3766553352819795,0,0.0,0,0.0
3,3,11,1,0,0,0.0,0,0.0023376198816864426,0,0.16826839228150095,0,0.0,0,0.0
0,2,23,4,0,0,0.0,0,0.0017692173611028833,1,0.7172443306666761,0,0.0,0,0.0
2,2,6,3,0,0,0.0,0,0.0018607581756416912,0,0.3186911695875521,0,0.0,0,0.0
2,3,0,5,0,0,0.0,0,0.0004209182804098978,0,0.25748009390598264,0,0.0,0,0.0
2,0,16,3,0,0,0.0,0,0.002773476816579632,0,0.39971860292611716,0,0.0,0,0.0
2,1,4,4,0,0,0.0,0,0.002336362106307616,0,0.336672658804435,0,0.0,0,0.0
0,2,19,0,0,0,0.0,0,0.004017223293307787,1,0.7586541173716207,0,0.0,0,0.0
2,2,22,1,0,0,0.0,0,0.0038133883760427725,0,0.36364493673583426,0,0.0,0,0.0
3,1,18,6,0,0,0.0,0,0.001054141977776677,0,0.174477954969093,0,0.0,0,0.0
1,0,4,4,0,0,0.0,1,0.8175324405775439,1,0.5752724970972858,1,0.9998463309611978,0,0.2044089382484523
2,0,3,6,0,0,0.0,0,0.0040092867716635845,0,0.3429575079073263,0,0.0,0,0.0
1,3,21,6,1,0,0.0,0,0.455190688781681,0,0.4554629285069163,1,0.9997300779939318,0,0.0
2,1,11,2,0,0,0.0,0,0.002715478993271475,0,0.3718169634391115,0,0.0,0,0.0
3,1,6,4,0,0,0.0,0,0.0022404583458090397,0,0.18263010948348057,0,0.0,0,0.0
3,1,7,4,0,0,0.0,0,0.0032358304716824855,0,0.18340241689347536,0,0.0,0,0.0
0,1,16,5,0,0,0.0,0,0.0065032257864050345,1,0.7284243550946907,0,0.0,0,0.0
3,3,0,5,0,0,0.0,0,0.0004209182804098978,0,0.13125483520836106,0,0.0,0,0.0
1,3,5,5,0,1,0.8,1,0.7555277852540748,0,0.44955238233600403,1,0.9997374796861226,1,0.8109068709498274
1,0,7,6,0,1,0.8695652173913043,1,0.841837647443366,1,0.5501608238280885,1,0.9998284696208409,1,0.8771671333056588
3,3,17,3,0,0,0.0,0,0.0011664924122351237,0,0.15649662756519206,0,0.0,0,0.0
2,0,21,3,0,0,0.0,0,0.0027216637347018866,0,0.40593113885786947,0,0.0,0,0.0
0,1,20,6,0,0,0.0,0,0.0015198570483328999,1,0.7208171011890271,0,0.0,0,0.01
2,3,0,4,0,0,0.0,0,0.00029465110577958593,0,0.2688781774691532,0,0.0,0,0.0
0,1,4,4,0,0,0.0,0,0.0035069077163760584,1,0.7277914762073273,0,0.0,0,0.0
1,2,19,5,0,1,0.875,1,0.8312301108273858,1,0.5051461091193619,1,0.9997942326656357,1,0.8625804750804745
2,3,17,4,0,0,0.0,0,0.0012986025574785892,0,0.28648583581822734,0,0.0,0,0.0
1,0,8,5,0,1,0.875,1,0.8842887318994062,1,0.5659316475729436,1,0.9998415574791469,1,0.8784855562696947
0,3,2,1,0,0,0.0,0,0.0015136715265618942,1,0.7001409394579051,0,0.0,0,0.0
1,3,21,2,0,1,0.9032258064516129,1,0.8107137313389553,1,0.5141263907810133,1,0.9997912147502483,1,0.909433053535334
0,1,2,0,0,0,0.0,0,0.005166389995521363,1,0.7699905875325807,0,0.0,0,0.0
2,3,14,2,0,0,0.0,0,0.0023101839386355594,0,0.3077972410362957,0,0.0,0,0.0
3,0,12,1,0,0,0.0,0,0.0026004758101900484,0,0.24222320714661888,0,0.0,0,0.0
0,2,20,0,0,0,0.0,0,0.004560702155044984,1,0.7595985925682525,0,0.0,0,0.0
0,0,16,6,0,0,0.0,0,0.004785870575459429,1,0.7462306944264753,0,0.0,0,0.0
2,0,15,6,0,0,0.0,0,0.0018483151487849734,0,0.35705722379159494,0,0.0,0,0.0
0,3,0,4,0,0,0.0,0,0.00037643773711227804,1,0.6595483025482742,0,0.0,0,0.0
3,0,7,3,0,0,0.0,0,0.0026876992983443752,0,0.21688260308532226,0,0.0,0,0.0
0,1,5,5,0,0,0.0,0,0.004284258725474835,1,0.7170399426992671,0,0.0,0,0.0
3,0,17,1,0,0,0.0,0,0.0026062958177235844,0,0.24699510690777704,0,0.0,0,0.0
1,0,1,1,0,1,0.9827586206896551,1,0.9324494772430938,1,0.6140236035846497,1,0.99986556176232,1,0.9843168291476018
0,1,12,1,0,0,0.0,0,0.003836951107368212,1,0.768724772969062,0,0.0,0,0.0
2,1,17,1,0,0,0.0,0,0.0012133462382426753,0,0.3930157697511642,0,0.0,0,0.0
2,1,12,1,0,0,0.0,0,0.0025496520645362534,0,0.38687217351923464,0,0.0,0,0.0
0,3,23,3,0,0,0.0,0,0.003436462393774628,1,0.6982265951074412,0,0.0,0,0.0
3,1,9,6,0,0,0.0,0,0.0036395900945746405,0,0.16788318546206693,0,0.0,0,0.0
2,1,0,5,0,0,0.0,0,0.002302551531895008,0,0.3191667167466661,0,0.0,0,0.0
3,0,20,5,0,0,0.0,0,0.0033672211304382575,0,0.208440753763641,0,0.0,0,0.0
0,0,3,3,0,0,0.0,0,0.004813887246009494,1,0.7663506302411758,0,0.0,0,0.0
3,1,23,3,0,0,0.0,0,0.003430431514444526,0,0.20553790415674164,0,0.0,0,0.0
0,1,21,4,0,0,0.0,0,0.004677030106959639,1,0.7448354460671154,0,0.0,0,0.0
3,3,0,3,0,0,0.0,0,0.00025766830192946273,0,0.14525182416584975,0,0.0,0,0.0
0,1,4,6,0,0,0.0,0,0.004205539696956025,1,0.7038866508297451,0,0.0,0,0.0
0,0,4,4,0,0,0.0,0,0.0038456003096131283,1,0.7566127680655268,0,0.0,0,0.0
3,0,21,6,0,0,0.0,0,0.0009208461275230437,0,0.19973199213037257,0,0.0,0,0.0
1,2,12,6,0,1,0.6666666666666666,1,0.8048687636715213,0,0.4814193468116727,1,0.9997781696944799,1,0.6439785214785213
0,2,16,5,0,0,0.0,0,0.0065032257864050345,1,0.6975991857265771,0,0.0,0,0.0
3,3,14,3,0,0,0.0,0,0.0023735360479450016,0,0.15446199249727366,0,0.0,0,0.0
0,3,9,0,0,0,0.0,0,0.0037880132519599284,1,0.7196873123364105,0,0.0,0,0.0
1,3,16,1,0,1,0.9705882352941176,1,0.8586653695107097,1,0.5223551237952426,1,0.9998039096946281,1,0.9711966507718348
1,3,7,5,0,1,0.9090909090909091,1,0.8381351503930241,0,0.452110004929252,1,0.9997421768915347,1,0.9118919340893022
2,1,3,5,0,0,0.0,0,0.003189023879890904,0,0.3225432980318398,0,0.0,0,0.0
2,1,8,1,0,0,0.0,0,0.0025978043371909375,0,0.38198298436194017,0,0.0,0,0.0
1,0,0,3,0,0,0.0,1,0.7846042423981776,1,0.5845598947716057,1,0.9998480484196002,0,0.006875
3,3,20,3,0,0,0.0,0,0.002769851568416723,0,0.15855303800191559,0,0.0,0,0.0
0,3,6,1,0,0,0.0,0,0.0027511226264237947,1,0.7044605317373085,0,0.0,0,0.0
3,0,10,2,0,0,0.0,0,0.002650435719549493,0,0.22976383186008714,0,0.0,0,0.0
0,1,23,4,0,0,0.0,0,0.0017692173611028833,1,0.746793828072208,0,0.0,0,0.0
1,0,13,3,0,1,0.9666666666666667,1,0.8500892906917262,1,0.6007685603450476,1,0.9998640850499861,1,0.9674245190595563
0,1,15,6,0,0,0.0,0,0.0026083641904338694,1,0.7155903592618891,0,0.0,0,0.0
0,2,6,1,0,0,0.0,0,0.003052443998875585,1,0.7348521272451264,0,0.0,0,0.0
0,3,22,5,0,0,0.0,0,0.004890366588185293,1,0.6717544481906419,0,0.0,0,0.0
1,1,22,1,1,1,0.8333333333333334,1,0.9009240125569487,1,0.603955700432989,1,0.9998599394189736,1,0.8196029899323238
2,0,17,4,0,0,0.0,0,0.0024732517259083327,0,0.3869245964374124,0,0.0,0,0.0
2,3,3,2,0,0,0.0,0,0.0010905343098153641,0,0.2958258160532126,0,0.0,0,0.0
3,0,18,4,0,0,0.0,0,0.002788382470378881,0,0.21654848261284074,0,0.0,0,0.0
2,3,14,4,0,0,0.0,0,0.002641987345418289,0,0.28332885836672367,0,0.0,0,0.0
2,1,20,2,0,0,0.0,0,0.0022924749425365038,0,0.38273796603017324,0,0.0,0,0.0
3,3,4,4,0,0,0.0,0,0.0017377534328285847,0,0.14058221455975706,0,0.0,0,0.0
1,3,9,6,1,0,0.3333333333333333,1,0.7669081204045797,0,0.4401374685293577,1,0.9997269948701625,0,0.30712301587301577
3,1,7,0,0,0,0.0,0,0.00289426428982585,0,0.22126299270751132,0,0.0,0,0.0
1,1,22,1,0,1,0.8333333333333334,1,0.9009240125569487,1,0.603955700432989,1,0.9998599394189736,1,0.8196029899323238
3,2,17,5,0,0,0.0,0,0.0012294792731523342,0,0.16092672604531716,0,0.0,0,0.0
2,0,20,1,0,0,0.0,0,0.003336335669371156,0,0.43329852062642876,0,0.0,0,0.0
2,3,0,4,0,0,0.0,0,0.00029465110577958593,0,0.2688781774691532,0,0.0,0,0.0
0,3,23,3,0,0,0.0,0,0.003436462393774628,1,0.6982265951074412,0,0.0,0,0.0
0,1,4,5,0,0,0.0,0,0.00417039853845948,1,0.715990781314988,0,0.0,0,0.0
